Motion planning,Debugging
Floating point,Martingale (probability theory)
Web browser,Application programming interface
Object (computer science),Computability
Procedural programming,Debugging
Authentication,Data analysis
Computer simulation,Randomization
Thread (computer science),Prediction
Part-of-speech tagging,Program optimization
Structured programming,Probability
World Wide Web,Relational database management system
Natural language,Server (computing)
Database design,P versus NP problem
User interface design,Computer science
Poisson distribution,Genetic algorithm
Application programming interface,Round-off error
Finite element method,Motion capture
Dynamic programming,Data warehouse
JavaScript,Internet Protocol Suite
User interface design,Image processing
Artificial intelligence,Statistical hypothesis testing
Theory of computation,Finite-state machine
Inference,Interaction design
Finite set,Big data
Problem solving,Shortest path problem
Semantics,Database transaction
Monte Carlo method,Internet Protocol Suite
Document classification,Image
Complexity,Generic programming
Polynomial,Automated planning and scheduling
Microcode,Stack (data structure)
Random graph,Regular expression
Divide and conquer algorithm,Unix
Approximation algorithm,Pattern recognition
Rendering (computer graphics),Programming style
Markov chain,Computational chemistry
Random walk,Sufficient statistic
Semantics of programming languages,Packet switching
Virtual memory,Linear algebra
Cryptography,Bayesian network
Programming paradigm,Stochastic process
Polynomial,Propositional calculus
Distributed algorithms,Knowledge representation and reasoning
Haskell (programming language),Time complexity
Number theory,Document classification
Concurrent computing,NP (complexity)
Computer simulation,Profiling (computer programming)
Peer-to-peer,Computer simulation
3D modeling,Propositional calculus
Peer-to-peer,Run time (program lifecycle phase)
Firewall (computing),High-level programming language
Graphics,Modular arithmetic
Very long instruction word,User interface
Data (computing),Tensor
SQL,Scalability
Memory hierarchy,Cryptanalysis
Virtual memory,Compiler optimization
Cryptographic hash function,Object-oriented programming
Dynamic memory allocation,Boundary value problem
Recommender system,Interactivity
Imperative programming,Logic programming
Inference,HTML
Bayesian network,Inheritance (object-oriented programming)
Software framework,Query optimization
Martingale (probability theory),Assembly language
Lock (computer science),Computer science
Pattern recognition,Bayesian probability
Linear algebra,Predicate logic
Robotics,Shading
Natural language processing,Database system
Feature extraction,Part-of-speech tagging
Application software,Computational science
Embedded system,Instruction set
Randomness,Web service
Computational geometry,Bayesian probability
ML (programming language),Profiling (computer programming)
Array data structure,Application software
Randomized algorithm,Inference
Wavelet,Denotational semantics
Ray tracing (graphics),Information assurance
Data,Statistical inference
Semantics of programming languages,Arithmetic
Quantum mechanics,Congestion control
Formal verification,Performance tuning
Randomization,Computer simulation
Linear programming,Scalability
Visualization (computer graphics),Software testing
Relational database,Graphical model
Modular programming,Decision theory
Software testing,3D computer graphics
Shortest path problem,Formal language
Scientific modelling,Shared memory
Finite element method,Nonlinear system
Graphical user interface,Combinatorics
Digital electronics,Large deviations theory
Graph theory,Semantics of programming languages
Random graph,Web browser
Expected value,Computational chemistry
Firewall (computing),Data (computing)
Web service,Poisson distribution
Random walk,Signal processing
Boundary value problem,Computational learning theory
Symbol table,Least squares
Object-oriented programming,Programming paradigm
Semidefinite programming,NP (complexity)
Poisson distribution,Foundations of mathematics
Graph (mathematics),Lexical semantics
Inter-process communication,Debugging
Virtual memory,Rendering (computer graphics)
Logic programming,Higher-order function
Graphical model,Database transaction
Finite element method,Higher-order function
Compiler,Model checking
Decision theory,Recursion (computer science)
Complexity,Routing
Newton's method,Statistical inference
Computer vision,Nonlinear system
Parallel algorithm,Symbol table
Programming style,Time complexity
Robot,SQL
Stack (data structure),Semidefinite programming
Query optimization,Web browser
Computer graphics,Least squares
Artificial intelligence,Quantum cryptography
Fast Fourier transform,Interpolation
Fourier analysis,Computer graphics
Undecidable problem,Mutual exclusion
Python (programming language),Image processing
Stochastic,Higher-order function
Software engineering,Parallel algorithm
Interface (computing),Virtual reality
Object-oriented programming,Superscalar
Least squares,Feature extraction
Quantum computer,Introduction to Algorithms
Relational database management system,Natural language processing
Random graph,3D computer graphics
3D modeling,Motion capture
Syntax,Graphical user interface
PageRank,Malware
Mathematical induction,Graphical model
Algebra,Debugging
System call,Complexity class
Reinforcement learning,Higher-order function
Computer network,Natural language processing
Mathematics,JavaScript
3D modeling,Generic programming
Newton's method,Analysis of algorithms
Software development,Query language
First-order logic,Graph coloring
Communication,Mathematical optimization
Genetic algorithm,Newton's method
Sentiment analysis,Relational database management system
World Wide Web,Neural network
Computation,Computational problem
Authentication,MapReduce
Concurrency (computer science),Entropy
Sequence alignment,Arithmetic
Computational geometry,Internet Protocol Suite
User interface,Firewall (computing)
Mechanical engineering,Model checking
Rendering (computer graphics),Partial differential equation
Database transaction,Lexical analysis
Lock (computer science),Database management system
Computer software,Symmetric multiprocessing
Formal methods,Personal computer
Large deviations theory,System programming
Partial differential equation,Information security
Computation,Polymorphism (computer science)
Model of computation,Modular arithmetic
Geometry,Relational algebra
Inheritance (object-oriented programming),Newton's method
Lexical analysis,Markov chain
Probability,OSI model
Inter-process communication,Mathematical model
Automata theory,Personal computer
Theoretical computer science,Control flow
Prolog,Digital electronics
Peer-to-peer,C++
Pushdown automaton,Randomized algorithm
Computer science,Integral
Distributed algorithms,Bayesian probability
Introduction to Algorithms,Fixed point (mathematics)
Computer science,Regular expression
Software framework,Big data
Public-key cryptography,Thread (computer science)
Communications protocol,Lexical analysis
Markov process,Social network
MapReduce,Design pattern (computer science)
PageRank,Routing
Dynamic memory allocation,Computer simulation
Regular language,NP-complete
Security,Recurrence relation
Artificial intelligence,Shading
Theory of computation,System call
Software development,B-tree
Mathematical proof,Speech recognition
Programmer,Natural language processing
Number theory,Atomicity (database systems)
Computational learning theory,Central processing unit
Graphics processing unit,Computer multitasking
Sentiment analysis,Instruction set
Correlation and dependence,Computer graphics
Reinforcement learning,Entropy
Poisson distribution,Superscalar
Programmer,MapReduce
Cryptanalysis,Finite set
Graph theory,JavaScript
Genetic algorithm,Data (computing)
Combinatorics,Poisson distribution
Processor register,World Wide Web
Number theory,Volume rendering
Graph (mathematics),Database system
Information theory,Array data structure
Recursively enumerable set,CPU cache
Program analysis,Computational chemistry
Algorithm design,Question answering
Semantics,Perl
Automata theory,Model checking
Programmer,Cluster analysis
"Best, worst and average case",Hidden line removal
Quantum cryptography,Large deviations theory
Java (programming language),Recursively enumerable set
Sufficient statistic,Randomization
Parallel computing,Server (computing)
Divide and conquer algorithm,Syntax
Computer multitasking,Index (database)
Exponential family,Regular language
Stochastic,String (computer science)
Newton's method,Data type
Matrix (mathematics),Security
Concurrent computing,Central processing unit
Application software,Statistics
Program analysis,Shortest path problem
Garbage collection (computer science),Pattern recognition
MapReduce,Communication
Computational problem,Rendering (computer graphics)
Predicate logic,Processor register
Spanning tree,CPU cache
Relational database,Randomization
Data type,Sentiment analysis
Memory management,Relational database management system
Signal processing,Linear algebra
Stack (data structure),Continuous function
Graphics processing unit,Regular language
Microcode,Nonlinear system
Malware,Communication
Feature extraction,Time complexity
"Best, worst and average case",Software design
NP (complexity),Central processing unit
Hidden line removal,Linear programming
Finite set,Cryptanalysis
Social network,Image analysis
Sufficient statistic,Programming paradigm
Part-of-speech tagging,Neural network
Kalman filter,Transaction processing
Knowledge representation and reasoning,Thread (computer science)
Lexical semantics,Firewall (computing)
Exponential family,Automata theory
Graphics,Denotational semantics
Program analysis,Nonlinear system
Software development,Machine learning
Combinatorics,Fixed point (mathematics)
Genetic algorithm,Scripting language
Theory of computation,Fixed point (mathematics)
Formal verification,Procedural programming
Correlation and dependence,Shortest path problem
Approximation algorithm,Memory hierarchy
Divide and conquer algorithm,Information assurance
Rendering (computer graphics),Garbage collection (computer science)
Monad (functional programming),Data analysis
Kinematics,Malware
Web service,Foundations of mathematics
Pushdown automaton,Recursively enumerable set
Type system,First-order logic
Differential equation,Combinational logic
Estimation theory,Digital electronics
Type system,Quantum computer
Variable (computer science),Relational algebra
Round-off error,Computer security
Parametric polymorphism,Theoretical computer science
Combinational logic,User interface design
Mutual exclusion,Correlation and dependence
PSPACE,Computer simulation
Inequality (mathematics),Scripting language
Combinatorics,Big data
Hidden line removal,Rendering (computer graphics)
Automatic programming,Semidefinite programming
Social network,Coding theory
Prediction,Round-off error
Application software,Formal methods
Server (computing),Modular programming
Digital signature,Java (programming language)
Recursion,Sequence alignment
Model checking,Autonomous robot
Algorithm design,Randomized algorithm
Computational geometry,Computer animation
Automata theory,Game theory
Statistics,Message Passing Interface
Computation,Machine learning
Scripting language,Abstract data type
Scheduling (computing),Control flow
Geometry,Syntax
List of undecidable problems,Computational geometry
Scientific modelling,Security
Graphical model,MATLAB
Combinatorics,OSI model
Numerical analysis,Operating system
Polymorphism (computer science),Gradient descent
Calculus,Assembly language
Cryptanalysis,Dynamic memory allocation
Message Passing Interface,Correlation and dependence
Complexity,Information theory
Dynamic memory allocation,Eigenvalues and eigenvectors
Python (programming language),Cluster analysis
Thread (computer science),Game theory
Data structure,Computer multitasking
Computing,Computer network
Lexical semantics,Cache coherence
Computational problem,Stochastic process
Assembly language,Routing
Programmer,OSI model
Reason,Input/output
Polynomial,Internet Protocol Suite
Automatic programming,Sparse matrix
Nonlinear system,Recursion (computer science)
Kernel (computing),Scientific visualization
Continuous function,Boundary value problem
Bayesian network,Denotational semantics
Generic programming,Mathematical optimization
Linear algebra,Graphics
Amortized analysis,Scope (computer science)
Interactivity,Abstraction (computer science)
Stack (data structure),Mechanical engineering
Statistical inference,Abstract data type
Recursion (computer science),Mathematical model
Abstraction (computer science),Shared memory
Lock (computer science),Integral
Computational learning theory,Boundary value problem
Computational complexity theory,Parsing
Computing,Queue (data structure)
Relational database management system,Context-free language
Assembly language,Stack (data structure)
Conditional probability,Bioinformatics
Denotational semantics,Combinatorics
Computational learning theory,Inter-process communication
Fixed point (mathematics),Query language
Traffic analysis,Recommender system
Automated planning and scheduling,Computational geometry
Mathematical optimization,NP-complete
Entropy,Mathematical model
Recurrence relation,Generic programming
Machine translation,Pipeline (computing)
Cluster analysis,Database transaction
Interaction design,Wireless sensor network
CPU cache,Natural language processing
Design of experiments,Unsupervised learning
Programming language,Recursion (computer science)
Cryptanalysis,Pipeline (computing)
Randomness,Recursion (computer science)
Arithmetic logic unit,Data analysis
Computational complexity theory,System programming
Visualization (computer graphics),Telecommunications network
Statistical hypothesis testing,Routing
Synchronization,Large deviations theory
Mathematical proof,Ray tracing (graphics)
Eigenvalues and eigenvectors,Fixed point (mathematics)
Atomicity (database systems),Prolog
Concurrency (computer science),Recurrence relation
Approximation algorithm,Shared memory
Approximation algorithm,Programmer
Logic,Object-oriented programming
Machine translation,Atomicity (database systems)
Routing,Lazy evaluation
User interface design,Rendering (computer graphics)
Differential equation,Database management system
Recursively enumerable set,Application software
Traffic analysis,Computer multitasking
Probability theory,Higher-order function
Polymorphism (computer science),NP-complete
Relational algebra,Telecommunications network
Feature extraction,Undecidable problem
Mathematical model,Compiler
NP (complexity),Statistics
Network security,Shading
Cryptography,Mutual exclusion
Computer programming,Finite set
Communications protocol,Numerical analysis
Index (database),Very long instruction word
Authentication,Partial differential equation
Stack (data structure),High-level programming language
Number theory,Digital signature
Interface (computing),Database
Operating system,First-order logic
Personal computer,Parallel computing
Graphical model,Quantum mechanics
P versus NP problem,Control flow
Approximation,Knowledge representation and reasoning
Recursively enumerable set,Higher-order function
Martingale (probability theory),C (programming language)
Fast Fourier transform,Big data
Abstract data type,Automatic programming
Newton's method,Cryptography
Web server,Program analysis
Natural language,Boundary value problem
Abstraction (computer science),Central processing unit
Neural network,Computational learning theory
Recursion (computer science),Web browser
Context-free grammar,Computer security
Statistical hypothesis testing,Queue (data structure)
Number theory,Data mining
Web browser,Stochastic process
Statistical hypothesis testing,Halting problem
Knowledge representation and reasoning,Program analysis
Complexity,Gradient descent
Interface (computing),Decision theory
Packet switching,Automated theorem proving
Least squares,Debugging
PSPACE,Scripting language
3D computer graphics,Interactivity
Logic programming,Natural language
Cluster analysis,Propositional calculus
Network security,Design pattern (computer science)
Randomized algorithm,Undecidable problem
Approximation,Integral
Internet,Image processing
Firewall (computing),Concurrency control
Predicate logic,Public-key cryptography
Discrete mathematics,Formal language
Predicate logic,OSI model
Cloud computing,Scalability
Design of experiments,Motion capture
System call,Game theory
Graphical user interface,Lazy evaluation
Finite-state machine,Interpolation
Differential equation,Flow network
Computer science,Computing
Abstraction (computer science),Modular programming
Software design,Mathematical optimization
Data analysis,Foundations of mathematics
Eigenvalues and eigenvectors,Least squares
Inequality (mathematics),Nonlinear system
Monte Carlo method,Calculus of variations
Programmer,Integral
Relational database management system,Graphics
Query optimization,Polynomial
Combinatorics,Regular language
Divide and conquer algorithm,Lock (computer science)
Support vector machine,Poisson distribution
Virtual memory,Knowledge representation and reasoning
Programming language,Quantum cryptography
Model checking,Wavelet
Object (computer science),Problem solving
Context-free language,Java (programming language)
Feature extraction,Object (computer science)
Regular expression,High-level programming language
Personal computer,Monte Carlo method
Mathematical model,Web server
Spanning tree,C (programming language)
Neural network,Quantum cryptography
Lazy evaluation,Semidefinite programming
Statistics,Query language
Cloud computing,Vector processor
Imperative programming,Large deviations theory
Natural language,Stochastic
Peer-to-peer,Context-free language
Software engineering,Ray tracing (graphics)
Sparse matrix,Parallel computing
Shared memory,Graphics
Model of computation,Logic programming
Peer-to-peer,Kinematics
Fixed point (mathematics),Bayesian network
Mathematical induction,Inheritance (object-oriented programming)
OSI model,Mathematical model
Quantum mechanics,B-tree
Functional programming,Scalability
Robotics,NP (complexity)
Logic,Scientific modelling
Microcode,Statistics
Part-of-speech tagging,Interactivity
Concurrency (computer science),Hidden line removal
Randomized algorithm,Asymptotic analysis
Quantum mechanics,Scripting language
Performance tuning,Multi-core processor
Complexity,Linear programming
Geometry,Procedural programming
Central processing unit,Traffic analysis
Pattern matching,Discrete mathematics
Statistics,Cluster analysis
Theory of computation,Relational database
Shading,Logic
Concurrent computing,System call
Formal grammar,Turing machine
C (programming language),Synchronization
Social network,Firewall (computing)
Array data structure,Image
Microcode,Graph coloring
System call,Polynomial
Computer security,Server (computing)
Mathematical proof,Image processing
Finite difference,Profiling (computer programming)
Arithmetic logic unit,Procedural programming
Foundations of mathematics,Question answering
Model of computation,Finite-state machine
System programming,"Best, worst and average case"
Digital electronics,Randomness
Automatic programming,Partial differential equation
Algorithm,Regular expression
Query language,Knowledge representation and reasoning
Quantum computer,Automated planning and scheduling
User interface,Approximation
Run time (program lifecycle phase),Interactivity
Object (computer science),Computer software
Abstraction (computer science),Scripting language
Internet Protocol Suite,Sufficient statistic
Discrete mathematics,HTML
Predicate logic,Pattern recognition
Interpolation,Decision theory
Internet,Perl
Automated theorem proving,Cryptography
Haskell (programming language),Iterative method
Sequence alignment,Internet Protocol Suite
String searching algorithm,Recursion
Security,Multiplication
Approximation,Computability
Application programming interface,Differential equation
Digital electronics,Genetic algorithm
Expert system,Imperative programming
File system,Geometric modeling
Computation,Packet switching
Monte Carlo method,Procedural programming
Data mining,Automated theorem proving
Arithmetic logic unit,Scope (computer science)
Atomicity (database systems),Part-of-speech tagging
Database system,MATLAB
Assembly language,Volume rendering
Logic,Scripting language
Telecommunications network,Central processing unit
Machine translation,Random graph
Interactivity,System call
Uncertainty,Debugging
Coding theory,Traffic analysis
Programming language,Generic programming
Partial differential equation,Statistical inference
Thread (computer science),Monad (functional programming)
Recursion,Stochastic process
String (computer science),Regular expression
Encryption,Superscalar
Computer animation,Graphics processing unit
Computation,Input/output
Machine translation,Interaction design
Peer-to-peer,Correlation and dependence
P versus NP problem,Robot
Game theory,Bioinformatics
Monte Carlo method,Lock (computer science)
Estimation theory,Quantum cryptography
Symbol table,Kalman filter
JavaScript,Shortest path problem
MATLAB,Data analysis
Model of computation,Social network
Interface (computing),Rendering (computer graphics)
Hash table,Microprocessor
Communication,Synchronization
Machine learning,Symmetric multiprocessing
Least squares,Software framework
Poisson distribution,Concurrent computing
Hidden Markov model,Symbol table
Rendering (computer graphics),Turing machine
Theoretical computer science,Pattern recognition
Bayesian probability,Cryptanalysis
Modular programming,Inference
Automata theory,Communication
Routing,PageRank
Superscalar,Cloud computing
Firewall (computing),Recursion
Memory hierarchy,Sufficient statistic
Profiling (computer programming),Parallel algorithm
Statistical hypothesis testing,Interface (computing)
Calculus,Prediction
Recommender system,Data structure
Inequality (mathematics),Traffic analysis
Embedded system,Memory management
Symmetric multiprocessing,"Best, worst and average case"
Telecommunications network,Lock (computer science)
Expected value,Scripting language
Analysis of algorithms,Linear system
Matrix (mathematics),Mathematical optimization
Structured programming,Big data
Data warehouse,Virtual reality
Distributed computing,Embedded system
Nonlinear system,Functional programming
Computer,"Best, worst and average case"
Pushdown automaton,Transaction processing
Kernel (computing),Program analysis
Pattern recognition,Internet
Pipeline (computing),Computing
Routing,Formal language
Index (database),Mathematical induction
Formal language,Database design
Database design,Signal processing
First-order logic,Big data
Database management system,Computer software
Cache coherence,Motion capture
Algorithm design,Linked list
Recommender system,Semidefinite programming
Graphical user interface,Regular language
Kinematics,Message Passing Interface
Quantum cryptography,Mathematical induction
Inter-process communication,Image processing
Economics,Eigenvalues and eigenvectors
Document classification,File system
Automated theorem proving,Computer graphics
Amortized analysis,Computer simulation
Message Passing Interface,Expected value
Machine translation,Dynamic programming
Inference,Deadlock
Question answering,Inequality (mathematics)
Software engineering,Perl
Graphics processing unit,Computational learning theory
Assembly language,Query optimization
Reason,Cluster analysis
Computability,Interpolation
PSPACE,Tensor
Introduction to Algorithms,Parallel algorithm
Information assurance,Application software
Congestion control,Time complexity
Finite-state machine,Interpolation
Robot,Routing
Decision theory,MATLAB
Computer security,Estimation theory
Scope (computer science),Spanning tree
Computability,Unix
Relational model,Symbol table
Denotational semantics,Context-free language
Computer network,Programming language
Motion capture,Integer
"Best, worst and average case",Lexical semantics
Combinational logic,Algebra
NP-complete,Distributed algorithms
Monad (functional programming),Scalability
Discrete mathematics,Pushdown automaton
Kalman filter,NP (complexity)
Scheduling (computing),Communication
User interface,Uncertainty
Least squares,Fixed point (mathematics)
Database design,Cluster analysis
Autonomous robot,Recursion
Stochastic process,Data analysis
C++,Congestion control
Number theory,Security
Interpolation,Higher-order function
Martingale (probability theory),Mathematical induction
Asymptotic analysis,Superscalar
Semantics,Formal verification
Internet Protocol Suite,Processor register
Speech recognition,Spanning tree
Congestion control,Decision theory
Computer software,Haskell (programming language)
Information theory,Input/output
Human-computer interaction,Analysis of algorithms
JavaScript,Interactivity
Database system,Correlation and dependence
Sequence alignment,Kernel (computing)
Shortest path problem,Recursively enumerable set
Multiplication,Relational database management system
Variable (computer science),Digital signature
Recursion (computer science),Finite set
Java (programming language),Pattern recognition
Scheduling (computing),String (computer science)
Inter-process communication,Continuous function
Variable (computer science),HTML
Modular programming,Software design
Interface (computing),Program analysis
File system,Computational complexity theory
Autonomous robot,Graphical model
Document classification,Quantum cryptography
Modular arithmetic,Entropy
Linked list,Poisson distribution
Formal methods,Suffix tree
Logic programming,Computational problem
Randomized algorithm,Program optimization
Robotics,Instruction set
Propositional calculus,Game theory
System programming,Computer security
Analysis of algorithms,Model checking
Java (programming language),Virtual memory
Least squares,Integer
Data type,Partial differential equation
Rendering (computer graphics),Compiler
Parallel algorithm,Fixed point (mathematics)
Interface (computing),Virtual reality
Quantum mechanics,Formal language
Processor register,Exponential family
SQL,Partial differential equation
Data,Model checking
Algebra,User interface
Algorithm design,Exponential family
Reason,Approximation algorithm
Reason,Garbage collection (computer science)
Martingale (probability theory),Robotics
Natural language processing,Queue (data structure)
Atomicity (database systems),Virtual memory
Computer science,Virtual memory
Parallel computing,Image processing
Foundations of mathematics,SQL
Tensor,Regular expression
Information security,Web browser
Random graph,Finite difference
Regular language,Exponential family
Social network,Variable (computer science)
Relational database management system,Sequence alignment
Procedural programming,B-tree
Memory hierarchy,Divide and conquer algorithm
Interpolation,Dynamic programming
Computability,Machine learning
Randomness,Analysis of algorithms
NP (complexity),Polymorphism (computer science)
Memory hierarchy,Image analysis
Ray tracing (graphics),Garbage collection (computer science)
Telecommunications network,Mathematical induction
Hidden line removal,Calculus
Monad (functional programming),Very long instruction word
Pattern matching,Monte Carlo method
Linear system,Shading
Complexity,Semantics of programming languages
Bayesian probability,Symbol table
Exponential family,Lexical semantics
Malware,Rendering (computer graphics)
Automated planning and scheduling,Least squares
Scientific visualization,P versus NP problem
List of undecidable problems,Computer vision
MapReduce,Formal verification
Recurrence relation,Automata theory
Statistical inference,Congestion control
Object-oriented programming,Part-of-speech tagging
3D modeling,Natural language processing
Economics,Design pattern (computer science)
Propositional calculus,Integral
Mobile device,ML (programming language)
Public-key cryptography,Randomness
Bioinformatics,Denotational semantics
Instruction set,Integer
Structured programming,Cache coherence
Programming paradigm,Pipeline (computing)
Interactivity,Computer security
Document classification,Kalman filter
Server (computing),Denotational semantics
Fourier analysis,Volume rendering
Processor register,Rendering (computer graphics)
Scientific modelling,Volume rendering
Mathematical induction,Calculus of variations
Automatic programming,Fixed point (mathematics)
Wavelet,Natural language processing
Integral,Signal processing
Design pattern (computer science),Computer network
Arithmetic logic unit,Database normalization
Assembly language,Interactivity
Peer-to-peer,Parallel algorithm
Memory hierarchy,Information theory
Programmer,Wavelet
Reinforcement learning,Interaction design
Approximation,Control flow
Database system,Perl
Nonlinear system,Type system
Database system,Theory of computation
Motion capture,Design of experiments
Compiler,Variable (computer science)
Introduction to Algorithms,Control flow
Reason,CPU cache
Bayesian probability,Symbol table
Modular arithmetic,Parametric polymorphism
Scientific visualization,Natural language
Instruction set,Pattern recognition
Synchronization,Computer animation
Boundary value problem,Assembly language
Abstraction (computer science),Social network
Differential equation,Computational geometry
Flow network,Tensor
Mobile device,Computational science
Cluster analysis,Interaction design
Graphics processing unit,Bayesian network
Finite difference,Human-computer interaction
Polynomial,Concurrency (computer science)
Part-of-speech tagging,Kalman filter
File system,Application programming interface
Garbage collection (computer science),Round-off error
Boundary value problem,Automatic programming
Type system,Amortized analysis
Automated planning and scheduling,Geometry
Interaction design,Finite set
Concurrent computing,Inequality (mathematics)
Scheduling (computing),Software framework
Divide and conquer algorithm,Information assurance
Problem solving,Message Passing Interface
Stochastic,Coding theory
Big data,Algorithm design
Neural network,Nonlinear system
SQL,Big data
Computer multitasking,Multi-core processor
Context-free grammar,Hash table
Generic programming,Predicate logic
Higher-order function,Sequence alignment
Compiler optimization,Parallel computing
Interaction design,Mathematical induction
Document classification,Feature extraction
Concurrent computing,Symmetric multiprocessing
Mathematical model,Deadlock
Speech recognition,Visualization (computer graphics)
Complexity class,Conditional probability
First-order logic,Rendering (computer graphics)
3D modeling,Asymptotic analysis
Java (programming language),Formal verification
Computational complexity theory,Semantics of programming languages
Linear algebra,Quantum mechanics
"Best, worst and average case",High-level programming language
Inheritance (object-oriented programming),Telecommunications network
Computational learning theory,Information assurance
Prolog,User interface
Algorithm,Prediction
Object-oriented programming,Cache coherence
Peer-to-peer,Lexical analysis
Central processing unit,Denotational semantics
Genetic algorithm,Perl
Virtual memory,Iterative method
High-level programming language,PageRank
Security,Discrete mathematics
Expert system,Theory of computation
Data type,Robot
Least squares,Theoretical computer science
Parametric polymorphism,Least squares
Parallel algorithm,Software development
Approximation algorithm,Encryption
Symmetric multiprocessing,Finite set
Algorithm design,Randomization
Lisp (programming language),Monad (functional programming)
Software engineering,Support vector machine
Web service,Operating system
Peer-to-peer,Automata theory
Uncertainty,World Wide Web
Program optimization,Software engineering
Control flow,Data warehouse
Differential equation,Statistical hypothesis testing
Graph theory,Computer multitasking
Message Passing Interface,Computational science
Operating system,Array data structure
Data (computing),Analysis of algorithms
Python (programming language),Support vector machine
Database transaction,Pushdown automaton
OSI model,Introduction to Algorithms
Symmetric multiprocessing,Computer architecture
Perl,Web server
Finite set,Approximation algorithm
Recursion,Randomization
Performance tuning,Eigenvalues and eigenvectors
Computer vision,Computability
Semidefinite programming,Turing machine
Lazy evaluation,Software testing
Part-of-speech tagging,Computer simulation
Prolog,Scope (computer science)
String searching algorithm,Genetic algorithm
Quantum mechanics,Martingale (probability theory)
Computer,Signal processing
Design of experiments,Data type
Multiplication,Lock (computer science)
Type system,Model checking
Random graph,Conditional probability
Mathematical induction,Context-free grammar
Support vector machine,Correlation and dependence
Quantum mechanics,Algorithm
Profiling (computer programming),Probability theory
MapReduce,Bayesian network
Finite element method,Statistical inference
Digital electronics,Probability theory
String searching algorithm,Coding theory
Discrete mathematics,Combinatorics
Graphics processing unit,Discrete mathematics
Robot,Run time (program lifecycle phase)
Query optimization,Server (computing)
Linked list,Coding theory
Integer,Memory hierarchy
Robot,Semantics of programming languages
Geometric modeling,Graphics processing unit
Economics,Artificial intelligence
SQL,Interactivity
Sequence alignment,Shading
Data analysis,Logic
Quantum cryptography,Time complexity
Theoretical computer science,Data structure
Python (programming language),Pattern recognition
Computational problem,World Wide Web
Computer programming,Computer network
Combinational logic,Uncertainty
Bioinformatics,Database system
Computer multitasking,ML (programming language)
Debugging,Program optimization
Boundary value problem,Shortest path problem
Exponential family,High-level programming language
Database management system,Probability theory
Poisson distribution,Partial differential equation
Inference,ML (programming language)
Stack (data structure),Markov process
MapReduce,Arithmetic
Memory hierarchy,Programmer
Parallel computing,Inference
Information assurance,Combinatorics
Control flow,Volume rendering
Web browser,Programming language
Software development,3D computer graphics
Debugging,Congestion control
Compiler optimization,Context-free grammar
Design pattern (computer science),Quantum computer
Microprocessor,Fixed point (mathematics)
Concurrency (computer science),Mathematical induction
Reason,Mutual exclusion
3D modeling,Economics
Message Passing Interface,Cloud computing
Finite element method,Run time (program lifecycle phase)
Modular programming,Software framework
Object-oriented programming,Computer vision
Computational geometry,Statistical hypothesis testing
Correlation and dependence,Computational learning theory
Automata theory,Conditional probability
Stack (data structure),Database design
Integral,3D computer graphics
Newton's method,Inference
Robotics,Continuous function
Mutual exclusion,Distributed computing
Embedded system,Bayesian network
Integral,Regular expression
Regular expression,Vector processor
Memory hierarchy,Motion capture
Concurrency (computer science),Denotational semantics
Python (programming language),Shortest path problem
Suffix tree,Unsupervised learning
Compiler optimization,Coding theory
Program optimization,Linear algebra
Data,Regular language
Tensor,Turing machine
Large deviations theory,Fourier analysis
Peer-to-peer,Software design
Computing,Exponential family
Discrete mathematics,Run time (program lifecycle phase)
Statistics,Automata theory
Internet,Computational problem
Part-of-speech tagging,Predicate logic
Probability theory,Entropy
Economics,Compiler
Shared memory,Microprocessor
Nonlinear system,Semantics
Graphical user interface,Shortest path problem
Recursion (computer science),Formal methods
First-order logic,Procedural programming
Data mining,Control flow
Programming language,Motion capture
Signal processing,ML (programming language)
Security,Flow network
Data mining,Reinforcement learning
Turing machine,C (programming language)
Unsupervised learning,Program analysis
Model checking,Divide and conquer algorithm
Machine translation,Analysis of algorithms
Data (computing),Geometric modeling
Concurrent computing,Formal grammar
Approximation algorithm,Information assurance
Random graph,Information assurance
Information assurance,Message Passing Interface
Graphical model,Web browser
Parallel algorithm,Object-oriented programming
Shading,Encryption
Interactivity,Martingale (probability theory)
Robot,Problem solving
OSI model,Computer software
Linked list,Multi-core processor
Application software,Shading
Random walk,Arithmetic
Problem solving,Human-computer interaction
Inequality (mathematics),Robot
Computer multitasking,Feature extraction
Thread (computer science),Random variable
Bioinformatics,Communications protocol
Hidden Markov model,Finite element method
Software engineering,Tensor
Fast Fourier transform,Pattern matching
Randomization,Software testing
Web browser,Application programming interface
Programming paradigm,Markov chain
Hidden line removal,Turing machine
Feature extraction,Kinematics
Document classification,Monad (functional programming)
Data,Object-oriented programming
Martingale (probability theory),Partial differential equation
Very long instruction word,Programming language
Recurrence relation,Information security
Quantum mechanics,Recursion (computer science)
Hash table,Web service
Generic programming,Polymorphism (computer science)
Memory hierarchy,MATLAB
Higher-order function,Fixed point (mathematics)
Compiler,Database normalization
Feature extraction,Formal grammar
Denotational semantics,Turing machine
Inheritance (object-oriented programming),Sequence alignment
Unsupervised learning,Randomization
Bayesian network,Economics
Debugging,Query language
Robot,Concurrency (computer science)
Quantum mechanics,String (computer science)
String (computer science),Volume rendering
Formal language,Computational chemistry
System programming,Memory hierarchy
Operating system,Hidden Markov model
Motion planning,Conditional probability
Information security,Programmer
Distributed algorithms,Probability theory
Stochastic process,Tensor
Recursion (computer science),Social network
B-tree,Complexity class
Computer multitasking,Speech recognition
Parsing,Markov chain
Round-off error,Sufficient statistic
Scalability,Sentiment analysis
Microprocessor,Computational geometry
Inequality (mathematics),First-order logic
Computer software,Algorithm design
Fast Fourier transform,Amortized analysis
Stochastic process,Floating point
Synchronization,Entropy
Digital electronics,Data mining
Suffix tree,Data mining
Polymorphism (computer science),Dynamic programming
Web search engine,Partial differential equation
Signal processing,Entropy
Mathematical proof,Index (database)
First-order logic,Security
Coding theory,Imperative programming
Pipeline (computing),Data analysis
Database,Algebra
Run time (program lifecycle phase),Estimation theory
Theoretical computer science,Scripting language
Performance tuning,Robot
Python (programming language),Computational chemistry
Semidefinite programming,Web server
Array data structure,Cluster analysis
Robotics,Question answering
Computational learning theory,Quantum cryptography
Markov chain,3D modeling
Computational problem,Bayesian probability
Recommender system,Firewall (computing)
Flow network,Wireless sensor network
Digital signature,Algebra
Internet Protocol Suite,Compiler
Semantics,Signal processing
Context-free language,Computability
ML (programming language),Software development
Matrix (mathematics),Natural language processing
Malware,Pushdown automaton
User interface design,Distributed computing
Computer,Markov process
Web service,Amortized analysis
Bayesian probability,Packet switching
Rendering (computer graphics),SQL
Newton's method,Run time (program lifecycle phase)
Modular arithmetic,Procedural programming
Lisp (programming language),Shared memory
Inequality (mathematics),Database normalization
Floating point,Database design
User interface design,Computer security
Procedural programming,Arithmetic
Debugging,Computer network
Approximation,Graphical model
Semantics,Mathematics
Higher-order function,HTML
Mechanical engineering,Round-off error
Integer,Pattern matching
Robotics,Wireless sensor network
Structured programming,First-order logic
High-level programming language,Estimation theory
Design pattern (computer science),Computational geometry
Probability theory,Markov process
Genetic algorithm,Linear system
Communication,Finite-state machine
Virtual reality,Graphical user interface
Shared memory,Randomness
Concurrency control,Garbage collection (computer science)
Context-free language,Cryptography
Graphical user interface,Lexical analysis
Programming style,Vector processor
Autonomous robot,Index (database)
Run time (program lifecycle phase),Newton's method
Floating point,Web service
Continuous function,Scalability
Graphics processing unit,Mathematical induction
Computer,Rendering (computer graphics)
Haskell (programming language),Graphical user interface
Correlation and dependence,HTML
Geometry,Information theory
Relational algebra,Random walk
Web server,Halting problem
User interface design,Performance tuning
Semidefinite programming,Quantum computer
Data type,User interface design
String (computer science),Very long instruction word
Python (programming language),Sufficient statistic
Volume rendering,Discrete mathematics
Graphics,Uncertainty
Complexity class,Computational science
Web browser,Operating system
Newton's method,Algebra
Server (computing),Lock (computer science)
Speech recognition,Tensor
Randomness,Calculus
Feature extraction,Cryptographic hash function
Microcode,Programming paradigm
Distributed algorithms,Firewall (computing)
Telecommunications network,Query language
C (programming language),Symmetric multiprocessing
OSI model,Computer vision
Software framework,Natural language processing
String (computer science),Application programming interface
Index (database),Markov chain
Complexity,Image analysis
HTML,Discrete mathematics
Processor register,Algebra
Polynomial,Transaction processing
Stack (data structure),Statistical inference
Artificial intelligence,Computational geometry
Concurrency control,Computer security
Server (computing),Numerical analysis
Turing machine,Design of experiments
Formal verification,C (programming language)
Computational complexity theory,Neural network
3D computer graphics,Finite difference
Programming language,Procedural programming
Array data structure,Semantics
Ordinary differential equation,Debugging
Large deviations theory,Relational database
Pushdown automaton,SQL
Denotational semantics,Flow network
Recommender system,Vulnerability (computing)
Object (computer science),Vector processor
Query language,Vulnerability (computing)
Regular expression,Modular arithmetic
Computer science,Probability
3D computer graphics,Shared memory
Shading,Wavelet
Genetic algorithm,Graph (mathematics)
Server (computing),Database system
First-order logic,Approximation algorithm
Model checking,Distributed algorithms
Statistics,Integral
Computer architecture,Automata theory
Poisson distribution,Randomization
Kinematics,Natural language processing
Boundary value problem,Signal processing
Formal verification,Communications protocol
Software framework,HTML
Type system,Information security
Computer multitasking,Public-key cryptography
Automatic programming,Support vector machine
3D computer graphics,Spanning tree
Design pattern (computer science),Statistical inference
Shortest path problem,Memory management
High-level programming language,Document classification
Cryptography,Generic programming
Recurrence relation,Random graph
Type system,Image
Combinatorics,Automated planning and scheduling
Randomized algorithm,PageRank
Computer network,Atomicity (database systems)
HTML,Message Passing Interface
Telecommunications network,Computing
String searching algorithm,JavaScript
Mathematical induction,Model of computation
Robot,Introduction to Algorithms
Embedded system,Recursively enumerable set
Automated theorem proving,Feature extraction
Object (computer science),Computer simulation
Profiling (computer programming),Genetic algorithm
Imperative programming,Input/output
Random walk,Web server
Modular arithmetic,Data structure
Randomized algorithm,Coding theory
Communications protocol,Bayesian network
Ray tracing (graphics),Graphical model
Quantum computer,Information security
Round-off error,Operating system
Quantum mechanics,Vector processor
Transaction processing,Knowledge representation and reasoning
Scheduling (computing),Parallel computing
Polynomial,Structured programming
Microcode,Data
Image processing,Arithmetic logic unit
Recursively enumerable set,Polymorphism (computer science)
Query optimization,Denotational semantics
Random walk,Formal verification
PageRank,Matrix (mathematics)
Natural language,Control flow
Machine translation,Lisp (programming language)
Interpolation,Autonomous robot
Geometric modeling,Turing machine
Suffix tree,Sentiment analysis
Natural language,Volume rendering
String (computer science),Firewall (computing)
SQL,Integer
Inter-process communication,Memory hierarchy
Transaction processing,Calculus
Parallel computing,Assembly language
Mobile device,Interpolation
Large deviations theory,Assembly language
Prolog,Mutual exclusion
Complexity,Natural language processing
Discrete mathematics,NP-complete
Hidden Markov model,C++
Arithmetic logic unit,Scalability
Round-off error,Markov process
Foundations of mathematics,Authentication
Bioinformatics,Assembly language
Concurrency (computer science),Regular expression
Garbage collection (computer science),Assembly language
Database system,Communications protocol
Random graph,Object (computer science)
Compiler optimization,Mobile device
Virtual reality,Logic programming
Interaction design,OSI model
Pattern recognition,String searching algorithm
Cluster analysis,Differential equation
Automata theory,Continuous function
Statistics,JavaScript
Random walk,Pipeline (computing)
Algorithm,Recursion (computer science)
Mathematical model,Computer animation
Linked list,Scripting language
Machine translation,Kernel (computing)
Symbol table,Economics
Differential equation,Graphics
Computing,Correlation and dependence
Hash table,Machine learning
Integral,Computer network
Natural language,Data type
Exponential family,Scalability
Scientific modelling,Sequence alignment
Recommender system,Relational algebra
Algorithm,Software framework
Functional programming,Virtual reality
Conditional probability,Least squares
Markov chain,Image
Combinatorics,Graph theory
Logic programming,Calculus
Linked list,Procedural programming
Mobile device,Higher-order function
Garbage collection (computer science),Web search engine
Computer,Iterative method
Thread (computer science),Integer
Fast Fourier transform,Sentiment analysis
Run time (program lifecycle phase),System programming
Image analysis,Control flow
Symmetric multiprocessing,Machine learning
Markov chain,Uncertainty
Vulnerability (computing),Debugging
Random variable,Quantum computer
Software framework,Parallel computing
Foundations of mathematics,Pattern matching
Graph coloring,OSI model
Flow network,Compiler
Web service,Interpolation
Mathematical optimization,Sentiment analysis
MapReduce,Social network
Newton's method,C++
Turing machine,Computer network
Lisp (programming language),Instruction set
Monad (functional programming),Kernel (computing)
Run time (program lifecycle phase),Mobile device
Inter-process communication,Digital electronics
Knowledge representation and reasoning,Garbage collection (computer science)
Computing,Unsupervised learning
Message Passing Interface,Thread (computer science)
Random variable,File system
Document classification,Automated theorem proving
Semidefinite programming,Quantum cryptography
Recursion,Data (computing)
Software testing,Semantics of programming languages
Least squares,Compiler optimization
P versus NP problem,Combinational logic
Message passing,Hidden Markov model
Procedural programming,MapReduce
Support vector machine,Stochastic
Virtual memory,Graph (mathematics)
Geometric modeling,MATLAB
Shared memory,Operating system
Regular expression,Kinematics
Imperative programming,3D computer graphics
Spanning tree,Pattern recognition
Uncertainty,Floating point
Formal grammar,Lisp (programming language)
Randomness,Unix
Compiler optimization,Deadlock
Pattern recognition,Continuous function
Statistical hypothesis testing,Performance tuning
Database transaction,Sufficient statistic
Control flow,Complexity class
Statistical inference,Lazy evaluation
Scope (computer science),Combinatorics
Instruction set,Document classification
Pattern recognition,Shading
Arithmetic logic unit,Symmetric multiprocessing
Analysis of algorithms,Statistical inference
Compiler optimization,Microprocessor
Data (computing),Computer graphics
Hash table,First-order logic
Stochastic process,Dynamic memory allocation
Server (computing),Communications protocol
Database design,Volume rendering
Foundations of mathematics,Problem solving
Interpolation,Object (computer science)
Iterative method,Graphics
Algorithm design,Array data structure
Randomness,Scheduling (computing)
String (computer science),Formal grammar
File system,Probability
3D computer graphics,Query optimization
Partial differential equation,Computational learning theory
Web service,Randomized algorithm
Database management system,Graph coloring
Algorithm design,Cryptographic hash function
Combinatorics,Telecommunications network
Database transaction,Model checking
3D modeling,Formal verification
3D modeling,Application programming interface
Multi-core processor,NP-complete
Discrete mathematics,Array data structure
Inter-process communication,Modular programming
Complexity class,Database
Inheritance (object-oriented programming),Computational problem
World Wide Web,Communications protocol
First-order logic,Dynamic memory allocation
C (programming language),Problem solving
Mechanical engineering,Machine learning
Database management system,Geometric modeling
Round-off error,Hidden line removal
Scripting language,Differential equation
Natural language,Semantics of programming languages
Model of computation,Stack (data structure)
String searching algorithm,Algorithm design
Formal methods,Signal processing
Data mining,Information security
Undecidable problem,World Wide Web
Bioinformatics,Tensor
Scheduling (computing),World Wide Web
Logic,Introduction to Algorithms
Continuous function,Abstraction (computer science)
Internet,Regular expression
Data (computing),Volume rendering
Message Passing Interface,Compiler
Kernel (computing),Recursion
Design pattern (computer science),Eigenvalues and eigenvectors
Procedural programming,Communication
Amortized analysis,Programming paradigm
Randomization,Semidefinite programming
Software design,P versus NP problem
Arithmetic logic unit,Procedural programming
Amortized analysis,Transaction processing
Parsing,NP-complete
B-tree,Virtual memory
Network security,Recommender system
Computer science,Multiplication
Performance tuning,Geometry
Algebra,Formal language
Compiler optimization,Round-off error
Digital signature,Debugging
Data analysis,Number theory
Data (computing),Logic programming
Multiplication,Lexical semantics
PSPACE,Pushdown automaton
Functional programming,CPU cache
Design pattern (computer science),Database system
Automated planning and scheduling,Tensor
Poisson distribution,Semidefinite programming
Cache coherence,Quantum cryptography
Synchronization,Boundary value problem
Motion planning,Kalman filter
Document classification,Bayesian probability
Abstraction (computer science),Procedural programming
JavaScript,Floating point
Central processing unit,Mathematical model
Cloud computing,Combinatorics
Database,Image analysis
Procedural programming,User interface design
Program analysis,Autonomous robot
Lexical semantics,Internet Protocol Suite
Computer architecture,Mathematical model
Atomicity (database systems),MapReduce
Thread (computer science),Cryptanalysis
Lock (computer science),Halting problem
Database normalization,Coding theory
MATLAB,Algorithm design
Hidden line removal,Numerical analysis
Approximation algorithm,Knowledge representation and reasoning
Computer security,Ordinary differential equation
Telecommunications network,Information security
Data analysis,Finite set
Hash table,Context-free grammar
Random variable,Computing
Control flow,Server (computing)
Big data,Graph (mathematics)
Feature extraction,Digital electronics
Synchronization,Probability
JavaScript,Finite difference
Bayesian network,Transaction processing
Syntax,Logic programming
Programming style,Rendering (computer graphics)
Random walk,Mobile device
List of undecidable problems,User interface design
Programming paradigm,P versus NP problem
Recursion (computer science),Programming paradigm
Concurrency control,Finite-state machine
Computer animation,Question answering
Performance tuning,C (programming language)
Inheritance (object-oriented programming),Geometry
Amortized analysis,Pipeline (computing)
Artificial intelligence,List of undecidable problems
Computer,Computation
Assembly language,Nonlinear system
Information security,Context-free grammar
Semantics of programming languages,Queue (data structure)
Superscalar,Very long instruction word
Peer-to-peer,Symmetric multiprocessing
Random walk,Query optimization
Sentiment analysis,Theory of computation
C++,Lisp (programming language)
Linear system,Information theory
Memory hierarchy,Kinematics
Type system,Database transaction
Programming language,NP (complexity)
Kinematics,Digital electronics
Linear system,Bayesian probability
Markov chain,Application programming interface
Robot,Index (database)
Turing machine,Polymorphism (computer science)
Semidefinite programming,Graph coloring
Integer,Encryption
Thread (computer science),Multiplication
Floating point,Pattern recognition
Entropy,Graph (mathematics)
Transaction processing,Software testing
Modular programming,Theoretical computer science
Sentiment analysis,Concurrency control
Kinematics,Geometric modeling
Undecidable problem,Floating point
Random walk,Operating system
Geometry,Web browser
Object-oriented programming,Superscalar
Database design,Hash table
Correlation and dependence,Hash table
Computer programming,Formal language
Recurrence relation,Entropy
Monte Carlo method,Concurrency control
Finite element method,Wireless sensor network
Traffic analysis,Inference
Cluster analysis,Queue (data structure)
Symbol table,Knowledge representation and reasoning
Statistics,Computer software
Expected value,Arithmetic logic unit
Virtual reality,Graphical user interface
Control flow,Software engineering
Computational learning theory,Logic programming
Software development,Database transaction
Web browser,Information theory
Divide and conquer algorithm,Correlation and dependence
Data type,Virtual memory
Assembly language,Routing
Formal verification,Floating point
Linear programming,Input/output
MapReduce,Automata theory
Statistical hypothesis testing,Computational geometry
Shading,PageRank
Neural network,P versus NP problem
User interface,Image analysis
System programming,Modular arithmetic
Input/output,Gradient descent
Regular expression,C (programming language)
System call,Expert system
Parsing,Web server
Information assurance,Bayesian probability
Deadlock,Context-free language
Relational model,Formal language
Kinematics,Software framework
Cryptanalysis,Uncertainty
Compiler optimization,Query language
Regular expression,Computer programming
Monte Carlo method,Knowledge representation and reasoning
Computational complexity theory,Support vector machine
Data mining,Superscalar
Data,Graph (mathematics)
High-level programming language,Database design
SQL,Polynomial
Software testing,Memory management
Expert system,Database normalization
Database system,Information security
Algebra,Data (computing)
Firewall (computing),Speech recognition
Support vector machine,Generic programming
