SQL,Programming language,1
Memory management,Computing,1
Distributed computing,Discrete mathematics,1
Number theory,Atomicity (database systems),0
Computational complexity theory,Complexity,1
Embedded system,Instruction set,0
Finite-state machine,Foundations of mathematics,1
Concurrent computing,Central processing unit,0
3D modeling,Application programming interface,0
Scientific visualization,P versus NP problem,0
Compiler optimization,Deadlock,0
Cryptographic hash function,Probability theory,1
Kinematics,Natural language processing,0
Halting problem,Automata theory,1
String searching algorithm,Algorithm,1
Superscalar,Very long instruction word,0
Data,Statistical inference,0
Shortest path problem,Algorithm,1
Python (programming language),Data,1
Parsing,Automata theory,1
Statistical hypothesis testing,Computational geometry,0
Volume rendering,Algorithm design,1
PageRank,Routing,0
Parametric polymorphism,Theoretical computer science,0
Query language,Vulnerability (computing),0
Peer-to-peer,Lexical analysis,0
Communications protocol,Logic,1
Cloud computing,Computer,1
Algebra,Debugging,0
Internet Protocol Suite,Arithmetic,1
Communications protocol,Computing,1
Arithmetic logic unit,Scalability,0
Large deviations theory,Relational database,0
Random graph,Conditional probability,0
Shading,Wavelet,0
Java (programming language),Object-oriented programming,1
Randomness,Unix,0
Index (database),Algorithm design,1
Automata theory,Continuous function,0
Logic programming,Computing,1
Support vector machine,Poisson distribution,0
Type system,Data structure,1
Randomization,Computer simulation,0
Web server,Halting problem,0
Monte Carlo method,Algorithm,1
Cache coherence,Computing,1
Programming style,Rendering (computer graphics),0
NP (complexity),Computation,1
SQL,Computational science,1
Combinatorics,Big data,0
Virtual memory,Rendering (computer graphics),0
Divide and conquer algorithm,Recursion,1
Inter-process communication,Digital electronics,0
3D computer graphics,Shared memory,0
Functional programming,Virtual reality,0
Sequence alignment,Shading,0
Document classification,Logic,1
Compiler optimization,Context-free grammar,0
Software design,Computer programming,1
Data mining,Superscalar,0
Database management system,Relational algebra,1
Concurrency (computer science),Regular expression,0
Expert system,Theory of computation,0
Instruction set,Arithmetic,1
Concurrency control,Data structure,1
Data (computing),Analysis of algorithms,0
Polynomial,Structured programming,0
C (programming language),Automata theory,1
Interface (computing),Database,0
Stack (data structure),Mechanical engineering,0
First-order logic,Rendering (computer graphics),0
Computer simulation,Randomization,0
Imperative programming,Computability,1
Peer-to-peer,Software design,0
Automatic programming,Data structure,1
B-tree,Complexity class,0
Neural network,Computational science,1
Virtual memory,Computer programming,1
Poisson distribution,Concurrent computing,0
Scientific visualization,Algorithm design,1
Computer,Signal processing,0
Automated planning and scheduling,Geometry,0
Arithmetic logic unit,Procedural programming,0
Parallel computing,Discrete mathematics,1
Java (programming language),Data type,1
Graphical user interface,Regular language,0
Database management system,Data (computing),1
Approximation algorithm,Memory hierarchy,0
Correlation and dependence,Shortest path problem,0
Compiler,Computer,1
Stack (data structure),Database design,0
Suffix tree,Data mining,0
Design of experiments,Statistical inference,1
Semantics,Database transaction,0
Hidden line removal,Numerical analysis,0
Transaction processing,Knowledge representation and reasoning,0
Algebra,User interface,0
Automata theory,Conditional probability,0
Peer-to-peer,C++,0
Undecidable problem,Polynomial,1
Parallel algorithm,Combinatorics,1
Stochastic,String (computer science),0
Lexical analysis,Discrete mathematics,1
OSI model,Introduction to Algorithms,0
Lisp (programming language),Logic programming,1
Abstraction (computer science),Social network,0
Numerical analysis,Computing,1
Lexical analysis,Theory of computation,1
Randomness,Mathematics,1
Context-free language,Cryptography,0
Peer-to-peer,Context-free language,0
Software development,Object (computer science),1
JavaScript,Computer,1
Congestion control,Graph (mathematics),1
Correlation and dependence,Computational learning theory,0
Support vector machine,Mathematics,1
Lisp (programming language),Monad (functional programming),0
Compiler,Natural language,1
Database normalization,Object (computer science),1
Concurrency control,Computation,1
NP (complexity),Integer,1
Graphics processing unit,Regular language,0
MapReduce,Arithmetic,0
Newton's method,Floating point,1
Public-key cryptography,Algorithm,1
Machine translation,Foundations of mathematics,1
Operating system,Computer,1
Statistical hypothesis testing,Halting problem,0
Quantum mechanics,Martingale (probability theory),0
Sentiment analysis,Machine learning,1
Continuous function,Abstraction (computer science),0
Routing,Lazy evaluation,0
Distributed computing,Computer science,1
Amortized analysis,Pipeline (computing),0
Context-free grammar,Graph theory,1
Multiplication,Lexical semantics,0
Distributed algorithms,Discrete mathematics,1
Computational chemistry,Number theory,1
PSPACE,Polynomial,1
Logic programming,Calculus,0
Sentiment analysis,Computer programming,1
Speech recognition,Probability theory,1
Numerical analysis,Foundations of mathematics,1
Data structure,Computer,1
C (programming language),Problem solving,0
Knowledge representation and reasoning,Computer,1
Estimation theory,Digital electronics,0
String searching algorithm,Algorithm design,0
Computational problem,Rendering (computer graphics),0
Functional programming,Computational complexity theory,1
Semantics of programming languages,Queue (data structure),0
Transaction processing,Object (computer science),1
String (computer science),Data type,1
Haskell (programming language),Time complexity,0
Machine learning,Computer,1
Symmetric multiprocessing,Machine learning,0
Probability theory,Foundations of mathematics,1
Computational geometry,Computing,1
Monad (functional programming),Scalability,0
Central processing unit,Computer science,1
Superscalar,Computer science,1
Computer programming,Formal language,0
NP (complexity),Computer,1
Sequence alignment,Internet Protocol Suite,0
Prolog,Mutual exclusion,0
Programming style,Computational complexity theory,1
Finite element method,Run time (program lifecycle phase),0
Recommender system,Vulnerability (computing),0
Procedural programming,Arithmetic,0
Problem solving,Message Passing Interface,0
Number theory,Data mining,0
PSPACE,Computational problem,1
Computability,Interpolation,0
Time complexity,Foundations of mathematics,1
Web search engine,Mathematical induction,1
Least squares,Approximation,1
Interactivity,Computer science,1
Compiler optimization,Mobile device,0
Index (database),Relational model,1
Hash table,Computer science,1
Programming language,Data structure,1
Inequality (mathematics),Scripting language,0
Finite difference,Human-computer interaction,0
Relational database management system,Relational algebra,1
Gradient descent,Mathematics,1
Volume rendering,Graphics,1
Artificial intelligence,Computational geometry,0
Floating point,Web service,0
Finite set,Approximation algorithm,0
Processor register,World Wide Web,0
Approximation,Computability,0
Database management system,Data,1
Parsing,Natural language,1
Machine translation,Computer programming,1
Robotics,Artificial intelligence,1
Round-off error,Computer security,0
Parsing,Markov chain,0
Memory management,Computer programming,1
Expert system,Database normalization,0
ML (programming language),Software development,0
Monte Carlo method,Iterative method,1
Procedural programming,B-tree,0
Artificial intelligence,Quantum cryptography,0
JavaScript,Computational science,1
Parsing,Data,1
Computer vision,Computability,0
Data structure,Computer multitasking,0
CPU cache,Central processing unit,1
Linear programming,Iterative method,1
Concurrency control,Foundations of mathematics,1
Concurrency control,Mathematics,1
Computer,"Best, worst and average case",0
First-order logic,Big data,0
Dynamic programming,Computation,1
Computational complexity theory,Iterative method,1
Abstraction (computer science),Procedural programming,0
Recommender system,Data structure,0
Semidefinite programming,Introduction to Algorithms,1
Web browser,Application programming interface,0
Computer programming,Number theory,1
Algorithm design,Exponential family,0
Support vector machine,Polynomial,1
Modular programming,Theoretical computer science,0
Software engineering,Foundations of mathematics,1
Operating system,Hidden Markov model,0
Java (programming language),Recursively enumerable set,0
Randomized algorithm,Program optimization,0
Computational complexity theory,Integer,1
MATLAB,Computer,1
Theoretical computer science,Graph theory,1
Internet,Regular expression,0
Kernel (computing),Computer,1
Recursively enumerable set,Finite set,1
Concurrency (computer science),Computing,1
Variable (computer science),Arithmetic,1
Bioinformatics,Asymptotic analysis,1
Scheduling (computing),Computation,1
Mathematical induction,Calculus of variations,0
Database,Algebra,0
Natural language,Semantics of programming languages,0
Software development,3D computer graphics,0
Computational learning theory,Logic programming,0
Shared memory,Randomness,0
Kernel (computing),Program analysis,0
Analysis of algorithms,Arithmetic,1
Malware,Graph (mathematics),1
Scalability,Sentiment analysis,0
Robotics,Turing machine,1
Theoretical computer science,Pattern recognition,0
Virtual reality,Computer graphics,1
Authentication,Data analysis,0
Array data structure,Application software,0
Computability,Unix,0
Recursion,Stochastic process,0
Polymorphism (computer science),Computer science,1
Object (computer science),Computer science,1
Data type,Automata theory,1
Object (computer science),Computability,0
Part-of-speech tagging,Kalman filter,0
Scripting language,Differential equation,0
Pattern recognition,String searching algorithm,0
Debugging,Computer programming,1
Software design,Algorithm,1
Speech recognition,Foundations of mathematics,1
Prolog,Data structure,1
Data mining,Control flow,0
Web browser,Computer,1
Combinational logic,Algebra,0
Cryptanalysis,Uncertainty,0
Random graph,Object (computer science),0
Document classification,Probability theory,1
String searching algorithm,Graph theory,1
Algorithm,Logic,1
Fast Fourier transform,Pattern matching,0
Cloud computing,Graph (mathematics),1
Database system,Computer science,1
OSI model,Computer network,1
Social network,Variable (computer science),0
Linear programming,Mathematical optimization,1
Coding theory,Theoretical computer science,1
String (computer science),Formal grammar,0
Virtual memory,Linear algebra,0
Pattern recognition,Mathematics,1
Sentiment analysis,Relational database management system,0
Support vector machine,Problem solving,1
Array data structure,Cluster analysis,0
Thread (computer science),Prediction,0
Entropy,Graph (mathematics),0
Atomicity (database systems),Database,1
Discrete mathematics,Formal language,0
Graph coloring,Algorithm design,1
Inequality (mathematics),Database normalization,0
Concurrent computing,Arithmetic,1
C++,Computational complexity theory,1
Automata theory,Model checking,0
Part-of-speech tagging,Predicate logic,0
Finite element method,Numerical analysis,1
Complexity,Linear programming,0
Modular arithmetic,Mathematical proof,1
B-tree,Mathematics,1
Theoretical computer science,Computer,1
Artificial intelligence,Mathematical induction,1
Shared memory,Operating system,0
Sentiment analysis,Natural language processing,1
Network security,Shading,0
Finite-state machine,Discrete mathematics,1
Automated theorem proving,Mathematics,1
Software design,Computing,1
Computer graphics,Computing,1
Artificial intelligence,Digital electronics,1
Combinational logic,Uncertainty,0
Boundary value problem,Signal processing,0
Fourier analysis,Volume rendering,0
Algorithm,Abstraction (computer science),1
Halting problem,Computation,1
Model of computation,Polynomial,1
Decision theory,MATLAB,0
Volume rendering,Discrete mathematics,0
Programming paradigm,Number theory,1
Monte Carlo method,Logic,1
Web browser,Information theory,0
Database management system,Graph theory,1
3D computer graphics,Query optimization,0
Natural language processing,Computer science,1
Information theory,Input/output,0
Programming style,Computer science,1
Virtual reality,Data,1
Graphical user interface,Combinatorics,0
Machine translation,Computation,1
Kalman filter,NP (complexity),0
Java (programming language),Data,1
Index (database),Data,1
Social network,Firewall (computing),0
Lexical analysis,Markov chain,0
Software engineering,Support vector machine,0
Genetic algorithm,Newton's method,0
Abstraction (computer science),Shared memory,0
Symbol table,Computer programming,1
Traffic analysis,Recommender system,0
Computer programming,Arithmetic,1
Computational complexity theory,Neural network,0
Feature extraction,Integer,1
Gradient descent,Integer,1
Dynamic programming,Computer,1
Graph theory,Discrete mathematics,1
Haskell (programming language),Logic,1
Profiling (computer programming),Arithmetic,1
Bayesian network,Transaction processing,0
Regular expression,High-level programming language,0
Compiler,Regular expression,1
Matrix (mathematics),Security,0
Probability,OSI model,0
Interpolation,Matrix (mathematics),1
Combinatorics,Graph theory,0
JavaScript,Computing,1
Economics,Random variable,1
JavaScript,Internet Protocol Suite,0
Flow network,Wireless sensor network,0
Application programming interface,Computational complexity theory,1
Mechanical engineering,Machine learning,0
Computational chemistry,Foundations of mathematics,1
Decision theory,Computer science,1
Coding theory,Computer science,1
SQL,Integer,0
MATLAB,Algorithm design,0
Stochastic process,Uncertainty,1
Shading,Encryption,0
Autonomous robot,Computation,1
Model of computation,Computer,1
Computer security,Logic,1
Poisson distribution,Randomization,0
Inequality (mathematics),Nonlinear system,0
Graphical model,Statistics,1
Robotics,Logic,1
Relational model,Formal language,0
Robot,Run time (program lifecycle phase),0
Relational database management system,Sequence alignment,0
Program optimization,Software engineering,0
Shortest path problem,Recursively enumerable set,0
Expert system,Algorithm,1
Machine learning,Computer science,1
PageRank,Matrix (mathematics),0
Coding theory,Traffic analysis,0
Robotics,Programming language,1
Analysis of algorithms,Model checking,0
Interactivity,Martingale (probability theory),0
Internet Protocol Suite,Sufficient statistic,0
Context-free grammar,Number theory,1
Spanning tree,Foundations of mathematics,1
Quantum computer,Automated planning and scheduling,0
Graph coloring,OSI model,0
Analysis of algorithms,Introduction to Algorithms,1
Calculus,Assembly language,0
Type system,Amortized analysis,0
C++,Congestion control,0
Reinforcement learning,Numerical analysis,1
Parallel algorithm,Theoretical computer science,1
Database normalization,Data (computing),1
Lexical semantics,Semantics,1
Knowledge representation and reasoning,Mathematical induction,1
JavaScript,Finite difference,0
Big data,Logic,1
Pattern recognition,Computer science,1
MapReduce,Computer science,1
Computer security,Computer,1
Part-of-speech tagging,Computer simulation,0
Introduction to Algorithms,Control flow,0
Control flow,Digital electronics,1
Quantum mechanics,Algorithm,0
Interpolation,Algorithm,1
Hidden line removal,Discrete mathematics,1
Discrete mathematics,Combinatorics,0
Divide and conquer algorithm,Algorithm,1
PSPACE,Computation,1
Mechanical engineering,Round-off error,0
Sequence alignment,Arithmetic,0
Computational geometry,Problem solving,1
Regular language,NP-complete,0
Computer security,Security,1
Undecidable problem,Mutual exclusion,0
Mobile device,Computer,1
Transaction processing,Foundations of mathematics,1
Pattern matching,Variable (computer science),1
Model of computation,Finite-state machine,0
Software framework,Natural language processing,0
Lexical analysis,Regular expression,1
Analysis of algorithms,Computational science,1
User interface,Logic,1
Type system,Computer science,1
Modular programming,Programming language,1
Integer,Memory hierarchy,0
Concurrency (computer science),Denotational semantics,0
Newton's method,Algorithm,1
Machine translation,Combinatorics,1
Concurrency (computer science),Recurrence relation,0
SQL,Scalability,0
Question answering,Graph theory,1
Atomicity (database systems),Part-of-speech tagging,0
Divide and conquer algorithm,Computation,1
Array data structure,Semantics,0
Uncertainty,World Wide Web,0
Database design,Signal processing,0
Large deviations theory,Fourier analysis,0
Message Passing Interface,Synchronization,1
Robot,Problem solving,0
Economics,Linear algebra,1
Poisson distribution,Superscalar,0
Lexical analysis,String (computer science),1
Variable (computer science),Relational algebra,0
Debugging,Control flow,1
Newton's method,Run time (program lifecycle phase),0
Abstraction (computer science),Modular programming,0
Programmer,Cluster analysis,0
Parametric polymorphism,Data type,1
Structured programming,Cache coherence,0
Java (programming language),Formal verification,0
Algorithm design,Mathematical induction,1
MATLAB,Data analysis,0
Lisp (programming language),Generic programming,1
Scientific visualization,Natural language,0
Analysis of algorithms,Linear system,0
Martingale (probability theory),Assembly language,0
Java (programming language),Computing,1
Java (programming language),Parsing,1
Recursion,Discrete mathematics,1
Recursively enumerable set,CPU cache,0
Quantum cryptography,Large deviations theory,0
First-order logic,Approximation algorithm,0
Program analysis,Autonomous robot,0
ML (programming language),Profiling (computer programming),0
Calculus of variations,Mathematics,1
Least squares,Software framework,0
Type system,Computability,1
Computability,Logic,1
Computational chemistry,Computational complexity theory,1
User interface design,Rendering (computer graphics),0
Lisp (programming language),Graph theory,1
Profiling (computer programming),Computation,1
Linked list,Multi-core processor,0
Relational database,Data,1
SQL,Number theory,1
Statistical inference,Abstract data type,0
Unix,Arithmetic,1
Assembly language,Programming language,1
NP-complete,Foundations of mathematics,1
Lock (computer science),Computer science,0
Uncertainty,Floating point,0
Microcode,Programming paradigm,0
Question answering,Computational complexity theory,1
Formal methods,Analysis of algorithms,1
Neural network,Expected value,1
Hash table,Data (computing),1
Spanning tree,C (programming language),0
P versus NP problem,Computability,1
P versus NP problem,Robot,0
Public-key cryptography,Randomness,0
Lisp (programming language),Discrete mathematics,1
Embedded system,Recursively enumerable set,0
Inequality (mathematics),Traffic analysis,0
Lisp (programming language),Number theory,1
Neural network,Computation,1
Microcode,Graph coloring,0
Boundary value problem,Automatic programming,0
B-tree,Data type,1
Hash table,First-order logic,0
Web service,Operating system,0
Flow network,Compiler,0
Kinematics,Geometric modeling,0
Undecidable problem,Complexity,1
Symbol table,Least squares,0
Software engineering,Perl,0
Game theory,Linear algebra,1
Computational learning theory,Inter-process communication,0
Computer vision,Image processing,1
Tensor,Turing machine,0
Routing,OSI model,1
Machine translation,Atomicity (database systems),0
Bioinformatics,Tensor,0
Stack (data structure),Statistical inference,0
Amortized analysis,"Best, worst and average case",1
Computational geometry,Computer animation,0
Volume rendering,Computer,1
Interpolation,Object (computer science),0
Linear programming,Computer science,1
Knowledge representation and reasoning,Mathematics,1
Cryptography,Mathematics,1
Parsing,Discrete mathematics,1
Memory hierarchy,Divide and conquer algorithm,0
Linear programming,Mathematics,1
World Wide Web,Relational database management system,0
Complexity,Information theory,0
Dynamic programming,Iterative method,1
Poisson distribution,Partial differential equation,0
Abstraction (computer science),Arithmetic,1
Divide and conquer algorithm,Information assurance,0
Application software,Statistics,0
Suffix tree,Algorithm,1
Software development,High-level programming language,1
Hidden Markov model,Computational science,1
Machine translation,Analysis of algorithms,0
PSPACE,Integer,1
Algorithm design,Number theory,1
Context-free language,Computability,0
Game theory,Arithmetic,1
Finite element method,Integer,1
Modular programming,Decision theory,0
Newton's method,Numerical analysis,1
Graphical model,Computer,1
Automated theorem proving,Computer graphics,0
Automatic programming,Semidefinite programming,0
Scientific modelling,Security,0
Routing,PageRank,0
Robotics,Kinematics,1
Program optimization,Foundations of mathematics,1
Parallel computing,Server (computing),0
NP-complete,Polynomial,1
Concurrency control,Mathematical induction,1
User interface,Approximation,0
Logic programming,Foundations of mathematics,1
Polymorphism (computer science),Abstract data type,1
Computational geometry,Discrete mathematics,1
Haskell (programming language),Data structure,1
Mathematical induction,Inheritance (object-oriented programming),0
User interface design,Computer,1
Amortized analysis,Computer science,1
Neural network,Nonlinear system,0
SQL,Interactivity,0
Memory hierarchy,Programmer,0
Finite difference,Profiling (computer programming),0
Graphical model,Machine learning,1
Computer security,Ordinary differential equation,0
Reinforcement learning,Logic,1
Virtual memory,Operating system,1
Nonlinear system,Type system,0
Probability theory,Mathematics,1
Dynamic programming,Introduction to Algorithms,1
Firewall (computing),Data (computing),0
Model of computation,Stack (data structure),0
Algorithm,Computability,1
Software design,P versus NP problem,0
Assembly language,Computing,1
Distributed computing,Theoretical computer science,1
Randomized algorithm,Discrete mathematics,1
Type system,Information security,0
Semidefinite programming,Graph coloring,0
Linear algebra,Integer,1
Integer,Encryption,0
Distributed computing,Polynomial,1
Relational database,Mathematics,1
Linear programming,Input/output,0
Algorithm design,Linked list,0
Robotics,Computer,1
Artificial intelligence,Computation,1
Combinatorics,Regular language,0
Logic programming,Arithmetic,1
Computer graphics,Computational complexity theory,1
Programming style,Computing,1
System call,Central processing unit,1
Digital signature,Combinatorics,1
Central processing unit,Denotational semantics,0
Estimation theory,Mathematics,1
Randomness,Scheduling (computing),0
Parsing,Formal grammar,1
Complexity class,Mathematics,1
Feature extraction,Undecidable problem,0
Geometric modeling,Graphics processing unit,0
Public-key cryptography,Combinatorics,1
Generic programming,Polymorphism (computer science),0
Communications protocol,Computation,1
Artificial intelligence,Problem solving,1
Kernel (computing),Central processing unit,1
Large deviations theory,Probability theory,1
Genetic algorithm,Linear system,0
Symbol table,Computer science,1
3D modeling,Economics,0
Atomicity (database systems),Operating system,1
First-order logic,Dynamic memory allocation,0
Reinforcement learning,Interaction design,0
Combinatorics,Telecommunications network,0
Undecidable problem,Computing,1
Concurrency (computer science),Entropy,0
Graphical model,Database transaction,0
Hidden Markov model,Probability theory,1
Quantum cryptography,Mathematical induction,0
Rendering (computer graphics),Compiler,0
Query optimization,Web browser,0
Inheritance (object-oriented programming),Computational problem,0
C++,Computer programming,1
Robotics,Mechanical engineering,1
Transaction processing,Relational algebra,1
Image analysis,Control flow,0
Index (database),Database,1
Programming language,Computing,1
Communications protocol,Algorithm,1
Bioinformatics,Computer science,1
Central processing unit,Traffic analysis,0
Index (database),Computer,1
Predicate logic,Pattern recognition,0
Variable (computer science),Logic,1
JavaScript,Arithmetic,1
Digital electronics,Probability theory,0
Algebra,Formal language,0
Computer programming,Graph theory,1
Virtual reality,Graphical user interface,0
String (computer science),Very long instruction word,0
Computational geometry,Internet Protocol Suite,0
Integral,Mathematics,1
Statistical hypothesis testing,Uncertainty,1
Natural language,Server (computing),0
Quantum mechanics,Recursion (computer science),0
Database transaction,Sufficient statistic,0
Geometry,Web browser,0
Random graph,Web browser,0
Atomicity (database systems),MapReduce,0
Virtual memory,Memory hierarchy,1
Analysis of algorithms,Computational problem,1
File system,Computational complexity theory,0
Approximation algorithm,Discrete mathematics,1
String searching algorithm,Iterative method,1
Computer graphics,Digital electronics,1
Kalman filter,Transaction processing,0
Query language,Computability,1
Database management system,Probability theory,0
Automated planning and scheduling,Computer programming,1
Query language,Knowledge representation and reasoning,0
Number theory,Security,0
Microcode,Digital electronics,1
Software engineering,Tensor,0
Computing,Exponential family,0
File system,Application programming interface,0
Cryptography,Generic programming,0
Hidden Markov model,C++,0
SQL,Computer science,1
Undecidable problem,Combinatorics,1
Application software,Formal methods,0
Haskell (programming language),Computer programming,1
Finite difference,Numerical analysis,1
Correlation and dependence,Data,1
Embedded system,Memory management,0
Randomized algorithm,Asymptotic analysis,0
Statistics,Mathematics,1
Discrete mathematics,HTML,0
Complexity,Semantics of programming languages,0
System call,Expert system,0
Recommender system,Relational algebra,0
Object-oriented programming,Cache coherence,0
P versus NP problem,Graph theory,1
Stack (data structure),Continuous function,0
Application programming interface,Computer programming,1
Data mining,Polynomial,1
Bayesian network,Economics,0
Unsupervised learning,Probability,1
Volume rendering,Computer science,1
Web search engine,Logic,1
Recursively enumerable set,Polynomial,1
Exponential family,Regular language,0
Ray tracing (graphics),Graphical model,0
Interaction design,OSI model,0
Cryptography,Algebra,1
Garbage collection (computer science),Computer,1
Database management system,Operating system,1
Distributed algorithms,Foundations of mathematics,1
Compiler optimization,Computer programming,1
Database design,Hash table,0
Sentiment analysis,Algorithm,1
Distributed computing,Central processing unit,1
Computer network,Computer science,1
Question answering,Computational science,1
Logic programming,Higher-order function,0
Recursion (computer science),Programming paradigm,0
Geometric modeling,Computer graphics,1
Haskell (programming language),Iterative method,0
Formal methods,Combinatorics,1
Superscalar,Thread (computer science),1
Propositional calculus,Game theory,0
Big data,Mathematics,1
Statistical inference,Congestion control,0
C++,Object-oriented programming,1
MapReduce,Bayesian network,0
Malware,Rendering (computer graphics),0
Multiplication,Foundations of mathematics,1
Divide and conquer algorithm,Mathematics,1
Dynamic memory allocation,Boundary value problem,0
Data analysis,Foundations of mathematics,0
Round-off error,Hidden line removal,0
Software design,Mathematical optimization,0
Web search engine,Abstraction (computer science),1
Imperative programming,3D computer graphics,0
Machine learning,Linear algebra,1
Digital signature,Computer science,1
Traffic analysis,Mathematics,1
Flow network,Tensor,0
Software testing,Algorithm,1
Firewall (computing),Speech recognition,0
Scientific modelling,Shared memory,0
Bioinformatics,Communications protocol,0
Garbage collection (computer science),Assembly language,0
Pipeline (computing),Data analysis,0
Graphics processing unit,Computational learning theory,0
Type system,Automata theory,1
Statistics,Integral,0
Artificial intelligence,Computational problem,1
Feature extraction,Formal grammar,0
Discrete mathematics,Mathematical proof,1
Computer animation,Question answering,0
Time complexity,Polynomial,1
Computational geometry,Iterative method,1
Software framework,Query optimization,0
Embedded system,Bayesian network,0
Machine translation,Lisp (programming language),0
NP-complete,Iterative method,1
C++,Arithmetic,1
Information theory,Array data structure,0
Markov chain,Uncertainty,0
Query language,Computer programming,1
Complexity,Gradient descent,0
Data warehouse,Data structure,1
String searching algorithm,JavaScript,0
Randomized algorithm,Abstraction (computer science),1
Cryptography,Combinatorics,1
Bioinformatics,Mathematical induction,1
Object (computer science),Computer software,0
Pattern matching,Monte Carlo method,0
User interface,Image analysis,0
Semantics of programming languages,Packet switching,0
Modular programming,Computer programming,1
Arithmetic logic unit,Data analysis,0
C (programming language),Computational complexity theory,1
Communications protocol,Numerical analysis,0
Rendering (computer graphics),Partial differential equation,0
Pushdown automaton,Computer,1
"Best, worst and average case",Software design,0
Relational model,Symbol table,0
Database system,Data (computing),1
Neural network,Computer,1
OSI model,Computer science,1
Data type,User interface design,0
Relational database,Computer science,1
Cryptanalysis,Modular arithmetic,1
Statistics,Cluster analysis,0
Graphical model,Quantum mechanics,0
Approximation algorithm,Programmer,0
Analysis of algorithms,Computer,1
Distributed computing,Complexity,1
Pattern recognition,Continuous function,0
Undecidable problem,Floating point,0
Randomized algorithm,Theoretical computer science,1
Parametric polymorphism,Least squares,0
SQL,Polynomial,0
Functional programming,Foundations of mathematics,1
Random variable,Computing,0
Computer security,Number theory,1
Graphics processing unit,Mathematical induction,0
Fast Fourier transform,Discrete mathematics,1
Computer architecture,Mathematics,1
Markov chain,Conditional probability,1
List of undecidable problems,Computer vision,0
Computer vision,Nonlinear system,0
Programmer,Wavelet,0
Database management system,Graph coloring,0
Run time (program lifecycle phase),System programming,0
Semantics,Perl,0
Mathematical induction,Model of computation,0
Turing machine,Mathematics,1
Vector processor,Central processing unit,1
Question answering,Computer science,1
Relational database,Object (computer science),1
Autonomous robot,Speech recognition,1
Perl,Web server,0
Parallel algorithm,Computer programming,1
Integral,Signal processing,0
Functional programming,Variable (computer science),1
Volume rendering,Shading,1
Transaction processing,Database,1
Mathematical proof,Ray tracing (graphics),0
Robot,Concurrency (computer science),0
Estimation theory,Probability,1
Computer simulation,Logic,1
Computational learning theory,Boundary value problem,0
Kernel (computing),Scientific visualization,0
Computer graphics,Computer programming,1
3D computer graphics,Spanning tree,0
Computation,Packet switching,0
Computational complexity theory,Support vector machine,0
Fast Fourier transform,Mathematical induction,1
Support vector machine,Iterative method,1
Thread (computer science),Monad (functional programming),0
Computational chemistry,Data structure,1
Modular arithmetic,Data structure,0
Computer vision,Probability,1
Natural language processing,Reason,1
Data mining,Operating system,1
Lisp (programming language),Shared memory,0
Coding theory,Imperative programming,0
Inheritance (object-oriented programming),Data,1
Scientific modelling,Volume rendering,0
High-level programming language,Discrete mathematics,1
Reinforcement learning,Entropy,0
Large deviations theory,Random variable,1
Context-free grammar,Computer security,0
Theoretical computer science,Computation,1
P versus NP problem,Computer,1
String (computer science),Volume rendering,0
Social network,Computational science,1
Mathematics,JavaScript,0
Database transaction,Pushdown automaton,0
Python (programming language),Shortest path problem,0
Inter-process communication,Continuous function,0
Expert system,Computer,1
Statistics,Message Passing Interface,0
Number theory,Document classification,0
Database management system,Geometric modeling,0
Web service,Randomized algorithm,0
Microcode,Computer science,1
Very long instruction word,Programming language,0
NP-complete,Combinatorics,1
Abstraction (computer science),Computer science,1
Firewall (computing),Data,1
Graphical model,Computer science,1
Atomicity (database systems),Prolog,0
Lisp (programming language),Variable (computer science),1
Programmer,Arithmetic,1
Run time (program lifecycle phase),Mobile device,0
Recursion,Integer,1
Combinatorics,OSI model,0
Cloud computing,Vector processor,0
Dynamic memory allocation,Operating system,1
Natural language processing,Computational science,1
Machine translation,Problem solving,1
Semidefinite programming,Web server,0
Parallel algorithm,Computer,1
Poisson distribution,Random variable,1
C++,Data,1
Shortest path problem,Formal language,0
Suffix tree,Sentiment analysis,0
Recursively enumerable set,Higher-order function,0
Routing,Data,1
Model checking,Distributed algorithms,0
3D computer graphics,Interactivity,0
Inter-process communication,Computing,1
Virtual memory,Computation,1
Abstract data type,Number theory,1
Input/output,Digital electronics,1
Reinforcement learning,Higher-order function,0
Pattern recognition,Computer,1
Entropy,Mathematical model,0
Rendering (computer graphics),Computer programming,1
Complexity,Iterative method,1
Concurrent computing,NP (complexity),0
Finite-state machine,Interpolation,0
Regular expression,C (programming language),0
Sentiment analysis,Graph theory,1
Monad (functional programming),Variable (computer science),1
Scope (computer science),Spanning tree,0
Database normalization,Coding theory,0
First-order logic,Algorithm,1
Higher-order function,Fixed point (mathematics),0
Approximation,Control flow,0
PSPACE,Tensor,0
Congestion control,Computer network,1
Monte Carlo method,Random variable,1
Game theory,Algorithm,1
Logic programming,Mathematics,1
Shortest path problem,Discrete mathematics,1
Part-of-speech tagging,Interactivity,0
Random walk,Operating system,0
Microprocessor,Fixed point (mathematics),0
Dynamic programming,Data warehouse,0
Algebra,Data (computing),0
Boundary value problem,Assembly language,0
Embedded system,Microprocessor,1
Relational database management system,Analysis of algorithms,1
Parallel algorithm,Object-oriented programming,0
Graph (mathematics),Database system,0
Kernel (computing),Computing,1
Pattern recognition,Shading,0
Polymorphism (computer science),Gradient descent,0
Quantum mechanics,Vector processor,0
Cryptanalysis,Computability,1
Memory hierarchy,Information theory,0
Divide and conquer algorithm,Unix,0
Bayesian network,Random variable,1
Reason,Cluster analysis,0
Dynamic memory allocation,Eigenvalues and eigenvectors,0
Program analysis,Computational chemistry,0
Assembly language,Volume rendering,0
Newton's method,Inference,0
Program optimization,Linear algebra,0
Introduction to Algorithms,Fixed point (mathematics),0
Automated planning and scheduling,Least squares,0
Concurrency (computer science),Computer science,1
Document classification,Statistical inference,1
Big data,Graph (mathematics),0
Lock (computer science),Database management system,0
Reinforcement learning,Computer programming,1
Probability,Mathematics,1
Inheritance (object-oriented programming),Computability,1
Computer graphics,Discrete mathematics,1
File system,Central processing unit,1
Memory management,Computer,1
Data mining,Data,1
Haskell (programming language),Computability,1
Economics,Eigenvalues and eigenvectors,0
Bioinformatics,Algorithm,1
Quantum mechanics,Continuous function,1
Finite difference,Partial differential equation,1
Java (programming language),Programming language,1
Automatic programming,Support vector machine,0
Lisp (programming language),Scope (computer science),1
Python (programming language),Computational chemistry,0
Robot,Index (database),0
Formal verification,Discrete mathematics,1
Speech recognition,Number theory,1
Turing machine,Automata theory,1
Security,Multiplication,0
Estimation theory,Expected value,1
Scripting language,Arithmetic,1
Mathematical optimization,Integer,1
Shading,PageRank,0
Parallel computing,Foundations of mathematics,1
Iterative method,Graphics,0
Geometric modeling,Computation,1
Virtual memory,Graph (mathematics),0
Data mining,Information security,0
Context-free grammar,Hash table,0
Graphical user interface,Shortest path problem,0
Procedural programming,MapReduce,0
Recurrence relation,Entropy,0
Deadlock,Context-free language,0
JavaScript,Interactivity,0
Finite-state machine,Logic,1
Assembly language,Instruction set,1
Graphical model,Markov chain,1
Finite difference,Eigenvalues and eigenvectors,1
Turing machine,Computation,1
Python (programming language),Data structure,1
Concurrency (computer science),Hidden line removal,0
Python (programming language),Computer programming,1
Natural language processing,Data structure,1
Image processing,Computer,1
Syntax,Logic programming,0
Hidden Markov model,Mathematical optimization,1
Model checking,Wavelet,0
Formal methods,Computing,1
Superscalar,Multi-core processor,1
Ordinary differential equation,Debugging,0
Numerical analysis,Floating point,1
Differential equation,Database management system,0
Cryptography,Bayesian network,0
Signal processing,Entropy,0
Firewall (computing),High-level programming language,0
Integral,3D computer graphics,0
Superscalar,Parallel computing,1
Lisp (programming language),Instruction set,0
Complexity class,Discrete mathematics,1
Parallel computing,Computing,1
Concurrent computing,System call,0
Graphical model,Artificial intelligence,1
Monad (functional programming),Data analysis,0
Theoretical computer science,Control flow,0
Tensor,Mathematics,1
Logic programming,Computational science,1
Newton's method,Arithmetic,1
Compiler,Model checking,0
Relational database,Algorithm design,1
Visualization (computer graphics),Computer graphics,1
Data analysis,Logic,0
Bioinformatics,Assembly language,0
Quantum cryptography,Number theory,1
User interface design,Computer science,0
Program optimization,Theoretical computer science,1
Machine learning,Data,1
Analysis of algorithms,Asymptotic analysis,1
Object-oriented programming,Computing,1
Arithmetic logic unit,Digital electronics,1
Randomized algorithm,Undecidable problem,0
Speech recognition,Visualization (computer graphics),0
Sentiment analysis,Computer,1
Web browser,Stochastic process,0
Debugging,Algorithm,1
Haskell (programming language),Functional programming,1
Automata theory,Personal computer,0
Poisson distribution,Algebra,1
NP (complexity),Polymorphism (computer science),0
Functional programming,Number theory,1
Mathematical optimization,Sentiment analysis,0
Computer animation,Rendering (computer graphics),1
NP-complete,Computation,1
Control flow,Computer science,1
3D modeling,Asymptotic analysis,0
Model checking,Polynomial,1
Spanning tree,CPU cache,0
Geometric modeling,Turing machine,0
Virtual memory,Central processing unit,1
Support vector machine,Computability,1
Foundations of mathematics,Authentication,0
Recurrence relation,Generic programming,0
Relational algebra,Random walk,0
Inference,HTML,0
Vulnerability (computing),Debugging,0
Digital electronics,Large deviations theory,0
Computer,Iterative method,0
Context-free grammar,String (computer science),1
Java (programming language),Arithmetic,1
Imperative programming,Logic programming,0
Randomized algorithm,Algorithm,1
Feature extraction,Object (computer science),0
Divide and conquer algorithm,Correlation and dependence,0
Symmetric multiprocessing,Computer architecture,0
Part-of-speech tagging,Program optimization,0
Fast Fourier transform,Algorithm,1
Theory of computation,Relational database,0
Parsing,Computational science,1
Object-oriented programming,Arithmetic,1
Newton's method,Statistical inference,0
Least squares,Debugging,0
Recursion (computer science),Social network,0
Analysis of algorithms,Statistical inference,0
Finite element method,Nonlinear system,0
Instruction set,Integer,0
Public-key cryptography,Thread (computer science),0
Computer software,Algorithm design,0
Round-off error,Eigenvalues and eigenvectors,1
Java (programming language),Logic,1
System programming,"Best, worst and average case",0
Scientific visualization,Personal computer,1
Document classification,Kalman filter,0
Internet,Routing,1
ML (programming language),Computer programming,1
Floating point,Martingale (probability theory),0
Interpolation,Higher-order function,0
Partial differential equation,Algorithm,1
Database,Logic,1
Statistical hypothesis testing,Routing,0
Theory of computation,Finite-state machine,0
Regular expression,Computer programming,0
Parallel computing,Image processing,0
Estimation theory,Quantum cryptography,0
Formal verification,Procedural programming,0
Database system,MATLAB,0
Imperative programming,Large deviations theory,0
Automatic programming,Fixed point (mathematics),0
Differential equation,Statistical hypothesis testing,0
High-level programming language,Estimation theory,0
Internet,Image processing,0
Machine learning,Artificial intelligence,1
Algorithm design,Iterative method,1
String (computer science),Data structure,1
Context-free language,Java (programming language),0
Modular arithmetic,Parametric polymorphism,0
Modular arithmetic,Procedural programming,0
Procedural programming,User interface design,0
Symmetric multiprocessing,Parallel computing,1
Telecommunications network,Mathematical induction,0
Microcode,Stack (data structure),0
Question answering,Inequality (mathematics),0
Poisson distribution,Genetic algorithm,0
Expected value,Arithmetic logic unit,0
Symbol table,Assembly language,1
Digital signature,Foundations of mathematics,1
Programming language,Motion capture,0
Memory hierarchy,Motion capture,0
Firewall (computing),Recursion,0
Memory hierarchy,Image analysis,0
Instruction set,Pattern recognition,0
Unsupervised learning,Mathematical optimization,1
Software testing,Software design,1
Mathematical model,Web server,0
Java (programming language),Virtual memory,0
Object (computer science),Problem solving,0
Scope (computer science),Algorithm,1
Compiler,Computational complexity theory,1
Computer programming,Computer network,0
Linked list,Mathematics,1
String searching algorithm,Logic,1
Monad (functional programming),Kernel (computing),0
Approximation,Knowledge representation and reasoning,0
Denotational semantics,Turing machine,0
Markov chain,Computational chemistry,0
Peer-to-peer,Correlation and dependence,0
Run time (program lifecycle phase),Interactivity,0
Sentiment analysis,Statistics,1
Malware,Pushdown automaton,0
Monte Carlo method,Lock (computer science),0
Web server,Program analysis,0
Computer vision,Probability theory,1
Turing machine,Foundations of mathematics,1
Database,Discrete mathematics,1
Newton's method,Data type,0
Debugging,Logic,1
Polynomial,Concurrency (computer science),0
Differential equation,Graphics,0
Web service,Poisson distribution,0
Feature extraction,Cryptographic hash function,0
Unsupervised learning,Program analysis,0
Geometric modeling,Computational geometry,1
Polymorphism (computer science),NP-complete,0
Computer multitasking,Public-key cryptography,0
Programming style,Computer programming,1
Formal methods,Turing machine,1
Combinatorics,Poisson distribution,0
Index (database),Logic,1
Software development,Structured programming,1
Least squares,Integer,0
Concurrent computing,Symmetric multiprocessing,0
Web service,Foundations of mathematics,0
Software engineering,Computational problem,1
Routing,Digital electronics,1
Parallel algorithm,Fixed point (mathematics),0
Object-oriented programming,Algorithm,1
Computational complexity theory,Computational problem,1
Interface (computing),Rendering (computer graphics),0
World Wide Web,Neural network,0
Computer graphics,Least squares,0
Formal methods,Arithmetic,1
Interpolation,Decision theory,0
Packet switching,Graph (mathematics),1
Recursion,Computability,1
Sentiment analysis,Instruction set,0
Pattern matching,Functional programming,1
Parsing,Polynomial,1
Cryptanalysis,Dynamic memory allocation,0
Server (computing),Numerical analysis,0
Inheritance (object-oriented programming),Object (computer science),1
Perl,Compiler,1
Digital signature,Java (programming language),0
Interface (computing),Virtual reality,0
Newton's method,Algebra,0
OSI model,Mathematical model,0
Concurrent computing,Inequality (mathematics),0
Firewall (computing),Concurrency control,0
Speech recognition,Discrete mathematics,1
Program analysis,Foundations of mathematics,1
Multi-core processor,Computer,1
Parallel algorithm,Logic,1
Lazy evaluation,Software testing,0
Control flow,Complexity class,0
3D computer graphics,Iterative method,1
Natural language processing,Computer programming,1
Run time (program lifecycle phase),Discrete mathematics,1
Mathematical induction,Context-free grammar,0
Data warehouse,Computer science,1
Question answering,Computer programming,1
Scientific visualization,Computer,1
Program optimization,Combinatorics,1
Computer network,Graph (mathematics),1
Shared memory,Microprocessor,0
Cryptography,Security,1
P versus NP problem,Iterative method,1
Numerical analysis,Algorithm,1
Computer graphics,Geometry,1
Formal verification,Communications protocol,0
Finite set,Cryptanalysis,0
C++,Computer,1
Parsing,Data type,1
String (computer science),Algorithm,1
Foundations of mathematics,SQL,0
C (programming language),Data structure,1
Cache coherence,Parallel computing,1
Data warehouse,Data,1
OSI model,Computer vision,0
3D computer graphics,Finite difference,0
Fixed point (mathematics),Query language,0
Linear programming,Problem solving,1
Regular expression,Kinematics,0
Computer network,Digital electronics,1
Divide and conquer algorithm,Integer,1
Computational learning theory,Quantum cryptography,0
Recommender system,Algorithm design,1
Parallel computing,Inference,0
Statistics,Computer software,0
Robot,Routing,0
Python (programming language),Pattern recognition,0
Partial differential equation,Statistical inference,0
Assembly language,Automata theory,1
Economics,Artificial intelligence,0
Undecidable problem,Computational complexity theory,1
Computer science,Probability,0
Robotics,Graph theory,1
Fixed point (mathematics),Mathematics,1
Computer simulation,Profiling (computer programming),0
Prolog,Scope (computer science),0
Encryption,Superscalar,0
MapReduce,Parallel computing,1
Software engineering,Digital electronics,1
High-level programming language,Document classification,0
Query language,Computational complexity theory,1
Memory hierarchy,MATLAB,0
Decision theory,Discrete mathematics,1
Web server,Digital electronics,1
Software development,Query language,0
Foundations of mathematics,Pattern matching,0
Concurrency control,Digital electronics,1
Natural language processing,Programming language,1
Statistics,JavaScript,0
Automatic programming,Foundations of mathematics,1
Random walk,Computational science,1
Algorithm,Mathematical induction,1
Recurrence relation,Computation,1
Hidden Markov model,Logic,1
Randomized algorithm,Computer science,1
Communications protocol,Theoretical computer science,1
User interface,Computational science,1
Automated theorem proving,Foundations of mathematics,1
Computer programming,Computing,1
Finite set,Big data,0
Abstract data type,Discrete mathematics,1
NP (complexity),Computability,1
Digital electronics,Randomness,0
Recursion,Computer,1
Concurrency control,Asymptotic analysis,1
Programming paradigm,Pipeline (computing),0
Gradient descent,Discrete mathematics,1
Procedural programming,Communication,0
Microcode,Statistics,0
Software development,Object-oriented programming,1
Stack (data structure),High-level programming language,0
Functional programming,Recursion,1
Python (programming language),Image processing,0
Least squares,Feature extraction,0
Database design,Data type,1
Computer programming,Complexity,1
Random walk,Pipeline (computing),0
Python (programming language),Support vector machine,0
Database system,Theory of computation,0
Interaction design,Mathematical induction,0
Gradient descent,Computation,1
Server (computing),Modular programming,0
Martingale (probability theory),Mathematics,1
Randomness,Recursion (computer science),0
Modular programming,Software design,0
World Wide Web,Communications protocol,0
String (computer science),Data (computing),1
Graphics processing unit,Discrete mathematics,0
Recommender system,Semidefinite programming,0
Virtual reality,Interactivity,1
String searching algorithm,Number theory,1
Inheritance (object-oriented programming),Telecommunications network,0
Database,Mathematics,1
Synchronization,Boundary value problem,0
Graph coloring,Algorithm,1
3D computer graphics,Discrete mathematics,1
Sentiment analysis,Theory of computation,0
Memory hierarchy,Computer,1
Analysis of algorithms,Number theory,1
Hidden Markov model,Mathematics,1
Partial differential equation,Information security,0
Divide and conquer algorithm,Control flow,1
Multiplication,Lock (computer science),0
Monte Carlo method,Data,1
Computation,Polymorphism (computer science),0
Autonomous robot,Index (database),0
Speech recognition,Spanning tree,0
Correlation and dependence,Computer graphics,0
Scripting language,Digital electronics,1
Hidden line removal,Abstraction (computer science),1
Data (computing),Computer graphics,0
Computer vision,Linear algebra,1
Computational complexity theory,Mathematical induction,1
Lock (computer science),Halting problem,0
Discrete mathematics,Mathematics,1
Neural network,Probability,1
Statistical inference,Data,1
Array data structure,Data structure,1
Big data,Computer science,1
Software development,Theory of computation,1
Inheritance (object-oriented programming),Design pattern (computer science),1
Compiler,Regular language,1
Random graph,Information assurance,0
Context-free grammar,Logic,1
Object (computer science),Vector processor,0
Compiler,Finite-state machine,1
Software engineering,Theoretical computer science,1
Virtual memory,Knowledge representation and reasoning,0
Formal grammar,Computer programming,1
Analysis of algorithms,Algebra,1
Vector processor,Time complexity,1
Genetic algorithm,Iterative method,1
Model of computation,Computational complexity theory,1
Interface (computing),Decision theory,0
Stochastic,Coding theory,0
Monte Carlo method,Statistical inference,1
Monte Carlo method,Abstraction (computer science),1
Robot,Reason,1
Formal grammar,Lisp (programming language),0
Automatic programming,Partial differential equation,0
JavaScript,Algorithm,1
Question answering,Algorithm,1
Profiling (computer programming),Computational complexity theory,1
Divide and conquer algorithm,Syntax,0
World Wide Web,Arithmetic,1
Quantum computer,Information security,0
OSI model,Graph (mathematics),1
Computation,Computational problem,0
Motion planning,Computer science,1
Control flow,Data warehouse,0
Reason,Mutual exclusion,0
Programming language,Computational science,1
Cache coherence,Time complexity,1
Interactivity,Computer,1
Application programming interface,Computer science,1
Information assurance,Message Passing Interface,0
Neural network,Computational learning theory,0
User interface design,Digital electronics,1
Linear programming,Linear algebra,1
Decision theory,Random variable,1
Analysis of algorithms,Abstraction (computer science),1
Graph theory,Computer multitasking,0
Computer multitasking,Speech recognition,0
Semidefinite programming,Algorithm,1
Software framework,HTML,0
Relational algebra,Telecommunications network,0
Problem solving,Shortest path problem,0
File system,Probability,0
SQL,Operating system,1
Algorithm design,Problem solving,1
Database design,Volume rendering,0
Server (computing),Communications protocol,0
Calculus,Prediction,0
Generic programming,Predicate logic,0
Motion planning,Software engineering,1
Hash table,Context-free grammar,0
Calculus of variations,Continuous function,1
Interpolation,Autonomous robot,0
Very long instruction word,User interface,0
Numerical analysis,Discrete mathematics,1
Formal language,Computational chemistry,0
MapReduce,Automata theory,0
Machine translation,Random graph,0
Predicate logic,Public-key cryptography,0
Neural network,Mathematics,1
Linear algebra,Graphics,0
Sequence alignment,Kernel (computing),0
System programming,Memory hierarchy,0
Reason,Approximation algorithm,0
Poisson distribution,Expected value,1
Structured programming,Big data,0
Continuous function,Boundary value problem,0
Transaction processing,Computational science,1
Dynamic memory allocation,Computer simulation,0
Virtual reality,Graphical user interface,0
Rendering (computer graphics),Graphics,1
Computational geometry,Foundations of mathematics,1
Random walk,Query optimization,0
Inter-process communication,Image processing,0
Automated planning and scheduling,Numerical analysis,1
Computational geometry,Arithmetic,1
Recursion (computer science),Algorithm,1
OSI model,Data,1
Differential equation,Flow network,0
Database design,Object (computer science),1
Recursion,Abstraction (computer science),1
Computer simulation,Computer science,1
Quantum mechanics,B-tree,0
CPU cache,Natural language processing,0
Analysis of algorithms,Integer,1
Computational geometry,Combinatorics,1
Reinforcement learning,Mathematical optimization,1
Robot,Introduction to Algorithms,0
Traffic analysis,Inference,0
3D modeling,Generic programming,0
Concurrency control,Garbage collection (computer science),0
Server (computing),Denotational semantics,0
Assembly language,Query optimization,0
Analysis of algorithms,Computation,1
Recursion,Sequence alignment,0
Routing,Computer science,1
Combinatorics,Foundations of mathematics,1
Hidden line removal,Linear programming,0
Prolog,Computability,1
Stack (data structure),Markov process,0
PSPACE,Pushdown automaton,0
Database design,Database,1
Genetic algorithm,Perl,0
Computer graphics,Image,1
Predicate logic,OSI model,0
Programming language,Computability,1
Polynomial,Internet Protocol Suite,0
Processor register,Rendering (computer graphics),0
Hash table,Web service,0
Computer,Rendering (computer graphics),0
Approximation algorithm,Introduction to Algorithms,1
Pushdown automaton,Transaction processing,0
Motion capture,Integer,0
Geometric modeling,Computability,1
Turing machine,C (programming language),0
Message Passing Interface,Data,1
Turing machine,Discrete mathematics,1
Formal language,String (computer science),1
Volume rendering,Data,1
Complexity class,Computer science,1
Compiler,Data structure,1
Parallel computing,Computer architecture,1
Data (computing),Volume rendering,0
Tensor,Regular expression,0
Recursively enumerable set,Polymorphism (computer science),0
Amortized analysis,Data structure,1
Time complexity,Computer science,1
Matrix (mathematics),Natural language processing,0
Mathematical induction,Graphical model,0
Computer simulation,Computer,1
Motion capture,Graphics,1
Graphical model,Web browser,0
Query optimization,Database,1
Type system,Image,0
Cryptanalysis,Abstraction (computer science),1
Model of computation,Social network,0
Robotics,Introduction to Algorithms,1
Robotics,Markov chain,1
Object-oriented programming,Superscalar,0
Lisp (programming language),Recursion (computer science),1
Modular programming,Software framework,0
Recursion (computer science),Mathematical model,0
Concurrency control,Algorithm design,1
MapReduce,Social network,0
Computational chemistry,Mathematics,1
Question answering,Programming language,1
Abstract data type,Automatic programming,0
Design pattern (computer science),Quantum computer,0
Graphical user interface,Lazy evaluation,0
Telecommunications network,Computing,0
Eigenvalues and eigenvectors,Fixed point (mathematics),0
User interface,Firewall (computing),0
Functional programming,Algorithm,1
Cryptanalysis,Pipeline (computing),0
Recursion,Programming language,1
Database normalization,Data,1
Document classification,Probability,1
Linear programming,Discrete mathematics,1
Data mining,Computation,1
Algorithm,Recursion (computer science),0
Array data structure,Data type,1
Logic,Scripting language,0
Formal methods,Suffix tree,0
Artificial intelligence,Shading,0
Interpolation,Dynamic programming,0
Internet Protocol Suite,Communications protocol,1
Robotics,Reason,1
Geometry,Relational algebra,0
Message Passing Interface,Thread (computer science),0
Fixed point (mathematics),Bayesian network,0
Compiler,Algorithm,1
Computer security,Server (computing),0
Data analysis,Number theory,0
B-tree,Graph theory,1
Functional programming,CPU cache,0
Computer architecture,Automata theory,0
Transaction processing,Graph theory,1
Authentication,Partial differential equation,0
Concurrency control,Computer science,1
NP-complete,Algorithm design,1
Database,Image analysis,0
Data (computing),Geometric modeling,0
Pushdown automaton,Recursively enumerable set,0
Correlation and dependence,Hash table,0
Computer programming,Polynomial,1
Software development,Abstract data type,1
Game theory,Bioinformatics,0
Concurrency (computer science),Operating system,1
Reinforcement learning,Statistical inference,1
Machine translation,Pipeline (computing),0
SQL,Big data,0
Feature extraction,Kinematics,0
Computer vision,Geometry,1
Design of experiments,Unsupervised learning,0
Computational geometry,Computation,1
Automated planning and scheduling,Tensor,0
Interface (computing),Program analysis,0
Graphical user interface,Discrete mathematics,1
Statistical hypothesis testing,Queue (data structure),0
Recurrence relation,Iterative method,1
Wavelet,Natural language processing,0
Integral,Computer network,0
Semidefinite programming,NP (complexity),0
Automatic programming,Computational science,1
Discrete mathematics,Array data structure,0
Relational database management system,Graphics,0
Database system,Perl,0
Internet Protocol Suite,Compiler,0
Finite element method,Matrix (mathematics),1
Public-key cryptography,Iterative method,1
Robot,SQL,0
Nonlinear system,Semantics,0
Hash table,Microprocessor,0
Inter-process communication,Mathematical model,0
Programmer,Integral,0
Compiler,Automata theory,1
Semidefinite programming,Turing machine,0
Uncertainty,Debugging,0
Neural network,Discrete mathematics,1
C (programming language),Computation,1
Expert system,Imperative programming,0
Parallel algorithm,Computation,1
PSPACE,Scripting language,0
Generic programming,Mathematical optimization,0
Randomness,Web service,0
Recommender system,Computer,1
Distributed algorithms,Computation,1
NP-complete,Distributed algorithms,0
Virtual memory,Iterative method,0
Machine learning,Data structure,1
ML (programming language),Recursion (computer science),1
Garbage collection (computer science),Discrete mathematics,1
Artificial intelligence,Logic,1
Autonomous robot,Mechanical engineering,1
Regular expression,Vector processor,0
Higher-order function,HTML,0
Software engineering,Abstract data type,1
Parallel algorithm,Software development,0
Graphical model,Expected value,1
String (computer science),Firewall (computing),0
Robotics,Debugging,1
Computer vision,Introduction to Algorithms,1
Assembly language,Computer programming,1
Distributed computing,Arithmetic,1
String searching algorithm,Recursion,0
Software engineering,Parallel algorithm,0
Visualization (computer graphics),Computer,1
Scope (computer science),Computer science,1
Logic,Object-oriented programming,0
First-order logic,Recursion,1
Robotics,Object-oriented programming,1
Knowledge representation and reasoning,Thread (computer science),0
Relational database management system,Predicate logic,1
Coding theory,Graph theory,1
Imperative programming,Discrete mathematics,1
Motion capture,Computer science,1
Speech recognition,Mathematics,1
Procedural programming,Computer,1
Computer architecture,Computer science,1
Graphics processing unit,Bayesian network,0
Operating system,Digital electronics,1
Stochastic process,Tensor,0
Monte Carlo method,Internet Protocol Suite,0
Poisson distribution,Foundations of mathematics,0
Support vector machine,Stochastic,0
Randomized algorithm,PageRank,0
Combinatorics,Automated planning and scheduling,0
Shading,Logic,0
Randomness,Calculus,0
Robotics,NP (complexity),0
Combinatorics,Fixed point (mathematics),0
Undecidable problem,Computer science,1
Polynomial,Propositional calculus,0
Assembly language,Computer science,1
"Best, worst and average case",High-level programming language,0
Approximation algorithm,Linear algebra,1
Computational geometry,Algorithm,1
Document classification,Monad (functional programming),0
Sentiment analysis,Computational complexity theory,1
Concurrent computing,Formal grammar,0
Fixed point (mathematics),Foundations of mathematics,1
Relational model,Foundations of mathematics,1
Large deviations theory,Assembly language,0
Superscalar,Cloud computing,0
SQL,Partial differential equation,0
Scripting language,Computing,1
Computational geometry,Graphics,1
Computer network,Programming language,0
Ray tracing (graphics),Algorithm design,1
Programming paradigm,Markov chain,0
Logic,Scientific modelling,0
Approximation algorithm,Information assurance,0
Data,Object-oriented programming,0
Profiling (computer programming),Parallel algorithm,0
Quantum computer,Theory of computation,1
Authentication,MapReduce,0
Profiling (computer programming),Genetic algorithm,0
Semantics,Signal processing,0
Web browser,Programming language,0
Differential equation,Combinational logic,0
Concurrency (computer science),Parallel computing,1
Newton's method,Analysis of algorithms,0
3D computer graphics,Algorithm,1
Ray tracing (graphics),Graphics,1
Relational database management system,Relational model,1
Neural network,Data structure,1
Linear system,Shading,0
Cryptography,Algorithm design,1
Finite-state machine,Interpolation,0
Logic programming,Discrete mathematics,1
Recurrence relation,Integer,1
Ray tracing (graphics),Shading,1
Kernel (computing),Operating system,1
Atomicity (database systems),Object (computer science),1
Geometry,Mathematics,1
Imperative programming,Computer programming,1
Speech recognition,Tensor,0
Cryptanalysis,Computation,1
Pushdown automaton,SQL,0
Recursion,Polynomial,1
Symbol table,Kalman filter,0
Formal methods,Computer,1
Approximation algorithm,Mathematical optimization,1
Computer software,Input/output,1
Cryptanalysis,Probability theory,1
Inheritance (object-oriented programming),Data structure,1
Machine translation,Computer science,1
Hidden line removal,Computation,1
Discrete mathematics,Run time (program lifecycle phase),0
Lock (computer science),Integral,0
Part-of-speech tagging,Neural network,0
Mathematics,Foundations of mathematics,1
Model of computation,Logic programming,0
Database system,Database,1
Hidden line removal,Foundations of mathematics,1
Server (computing),Lock (computer science),0
Transaction processing,Database transaction,1
Relational database,Computer,1
Recursion,Randomization,0
Inference,Uncertainty,1
Garbage collection (computer science),Web search engine,0
Lexical analysis,Automata theory,1
Relational database,Computing,1
Python (programming language),Algorithm,1
Index (database),Very long instruction word,0
Iterative method,Polynomial,1
"Best, worst and average case",Hidden line removal,0
Computer animation,Image,1
Data mining,Computational science,1
Computer science,Computing,0
Array data structure,Image,0
Linear algebra,Quantum mechanics,0
Computer graphics,Graphics,1
Human-computer interaction,Analysis of algorithms,0
Polynomial,Transaction processing,0
Monad (functional programming),Computer programming,1
Autonomous robot,Graphical model,0
Algebra,Foundations of mathematics,1
Data mining,Algorithm,1
Database management system,Computer software,0
Traffic analysis,Mathematical proof,1
Recursively enumerable set,Application software,0
Robot,Semantics of programming languages,0
Recurrence relation,Automata theory,0
Fast Fourier transform,Foundations of mathematics,1
Traffic analysis,Information security,1
Robotics,Instruction set,0
Computer security,Estimation theory,0
Hash table,Data structure,1
Scheduling (computing),Computing,1
Complexity class,Computational complexity theory,1
Interaction design,Finite set,0
Monte Carlo method,Expected value,1
Graphics processing unit,Computer science,1
NP-complete,Algorithm,1
Internet,Perl,0
Neural network,Pattern recognition,1
Variable (computer science),Computing,1
Autonomous robot,Recursion,0
Programming paradigm,Data structure,1
List of undecidable problems,User interface design,0
Martingale (probability theory),Mathematical induction,0
Transaction processing,Operating system,1
Introduction to Algorithms,Parallel algorithm,0
Visualization (computer graphics),Algorithm,1
Kinematics,Software framework,0
Algorithm,Software framework,0
Mathematical optimization,NP-complete,0
Parsing,Foundations of mathematics,1
Cryptography,Logic,1
Calculus,Foundations of mathematics,1
Web browser,Operating system,0
Geometry,Procedural programming,0
Robot,Logic,1
Abstraction (computer science),Number theory,1
Recursion (computer science),Finite set,0
Relational database,Predicate logic,1
Mathematical optimization,Mathematical model,1
NP-complete,Theoretical computer science,1
Computer science,Virtual memory,0
Computational geometry,Bayesian probability,0
User interface,Uncertainty,0
Symmetric multiprocessing,"Best, worst and average case",0
String (computer science),Application programming interface,0
Feature extraction,Digital electronics,0
Scientific modelling,Sequence alignment,0
Natural language processing,Machine learning,1
Quantum mechanics,Probability,1
Arithmetic logic unit,Combinational logic,1
Inference,ML (programming language),0
C (programming language),Symmetric multiprocessing,0
Computation,Input/output,0
Newton's method,Cryptography,0
Cluster analysis,Computer,1
Application programming interface,Computational science,1
Robotics,Continuous function,0
Parsing,Problem solving,1
Personal computer,Parallel computing,0
Model of computation,Modular arithmetic,0
Arithmetic logic unit,Procedural programming,0
Complexity class,Mathematical induction,1
Packet switching,Data (computing),1
Graph (mathematics),Mathematics,1
Regular language,Computability,1
Information assurance,Bayesian probability,0
Semantics,Formal verification,0
Quantum computer,Introduction to Algorithms,0
Amortized analysis,Transaction processing,0
Recommender system,Algorithm,1
Regular language,Logic,1
Machine learning,Integer,1
Microcode,Assembly language,1
Thread (computer science),Integer,0
Computer multitasking,Feature extraction,0
Support vector machine,Logic,1
Distributed computing,Computer,1
Data,Model checking,0
Distributed algorithms,Polynomial,1
Nonlinear system,Recursion (computer science),0
Run time (program lifecycle phase),Estimation theory,0
Data (computing),Logic programming,0
User interface design,Performance tuning,0
Round-off error,Operating system,0
Programming paradigm,Automata theory,1
Query optimization,Polynomial,0
Computational complexity theory,Parsing,0
Lisp (programming language),Mathematics,1
Natural language processing,Computer,1
Parallel algorithm,Symbol table,0
Public-key cryptography,Logic,1
Semantics of programming languages,Arithmetic,0
Computer programming,Mathematics,1
Telecommunications network,Central processing unit,0
Information assurance,Combinatorics,0
Genetic algorithm,Combinatorics,1
Divide and conquer algorithm,Lock (computer science),0
Game theory,Probability theory,1
Scope (computer science),Computer,1
Fast Fourier transform,Signal processing,1
Fourier analysis,Mathematics,1
Motion planning,Conditional probability,0
SQL,Object (computer science),1
Concurrency (computer science),Computation,1
Mathematical induction,Mathematical proof,1
Data mining,Automata theory,1
Computer network,Communication,1
Computer vision,Asymptotic analysis,1
MATLAB,Programming language,1
Unsupervised learning,Algorithm,1
Graphical user interface,Arithmetic,1
Distributed algorithms,Iterative method,1
Profiling (computer programming),Iterative method,1
HTML,Discrete mathematics,0
Peer-to-peer,Run time (program lifecycle phase),0
Cluster analysis,Computer science,1
Pipeline (computing),Computing,0
Memory hierarchy,Cryptanalysis,0
Continuous function,Scalability,0
Random graph,Mathematics,1
Graphics processing unit,Computer multitasking,0
Algorithm design,Integer,1
Least squares,Compiler optimization,0
HTML,Arithmetic,1
Complexity,Computation,1
Parallel algorithm,Lock (computer science),1
Cluster analysis,Database transaction,0
Monad (functional programming),Very long instruction word,0
Formal verification,C (programming language),0
Kinematics,Message Passing Interface,0
Data mining,Theoretical computer science,1
Relational database management system,Data,1
PSPACE,Turing machine,1
Lazy evaluation,Data structure,1
Polymorphism (computer science),Computer programming,1
Random graph,Regular expression,0
Human-computer interaction,Interface (computing),1
"Best, worst and average case",Graph theory,1
Software development,Database transaction,0
Exponential family,High-level programming language,0
System call,Polynomial,0
Neural network,Quantum cryptography,0
Computer animation,Data,1
Software testing,Object-oriented programming,1
Haskell (programming language),Computer,1
Assembly language,Nonlinear system,0
Software framework,Big data,0
Structured programming,First-order logic,0
Formal verification,Floating point,0
Distributed algorithms,Probability theory,0
Discrete mathematics,Arithmetic,1
Scope (computer science),Programming language,1
SQL,Data structure,1
Parsing,NP-complete,0
Computational chemistry,Computer,1
Pushdown automaton,String (computer science),1
Monte Carlo method,Concurrency control,0
PSPACE,Mathematics,1
Programming style,Vector processor,0
Bayesian network,Denotational semantics,0
Garbage collection (computer science),Graph theory,1
Time complexity,Algorithm,1
Quantum computer,Algorithm design,1
Imperative programming,Computer science,1
Distributed algorithms,Bayesian probability,0
Poisson distribution,Mathematics,1
Digital signature,Algebra,0
Programming language,Recursion (computer science),0
Recursively enumerable set,Computing,1
User interface design,Image processing,0
Theoretical computer science,Data structure,0
Virtual reality,Logic programming,0
Statistical hypothesis testing,Interface (computing),0
Programming paradigm,Stochastic process,0
Quantum computer,Foundations of mathematics,1
Computer architecture,Graph theory,1
Ray tracing (graphics),Garbage collection (computer science),0
Processor register,Algebra,0
Prolog,Digital electronics,0
Computational learning theory,Mathematics,1
Distributed algorithms,Knowledge representation and reasoning,0
Sentiment analysis,Computational science,1
Combinatorics,Algebra,1
Abstract data type,Computer,1
Lazy evaluation,Computer science,1
High-level programming language,Database design,0
Mathematical optimization,Algorithm,1
Robotics,Wireless sensor network,0
Economics,Compiler,0
Neural network,Machine learning,1
Database,Data,1
Computer software,Haskell (programming language),0
Processor register,Array data structure,1
Prolog,Computer programming,1
Complexity class,Integer,1
Problem solving,Human-computer interaction,0
Graph coloring,Graph theory,1
Computer programming,Computation,1
Transaction processing,Software testing,0
Autonomous robot,Kinematics,1
Message passing,Graph theory,1
Performance tuning,Geometry,0
Newton's method,Eigenvalues and eigenvectors,1
Object-oriented programming,Foundations of mathematics,1
Profiling (computer programming),Computer,1
Computational problem,Bayesian probability,0
Bayesian probability,Symbol table,0
Statistical inference,Lazy evaluation,0
Public-key cryptography,Discrete mathematics,1
Database,Operating system,1
Inheritance (object-oriented programming),Sequence alignment,0
Natural language,Boundary value problem,0
Finite-state machine,Automata theory,1
Document classification,File system,0
Natural language processing,Graph (mathematics),1
Reason,Input/output,0
Profiling (computer programming),Abstraction (computer science),1
Programming paradigm,P versus NP problem,0
Data type,Robot,0
3D modeling,Propositional calculus,0
Web search engine,Combinatorics,1
Digital electronics,Data mining,0
Least squares,Fixed point (mathematics),0
Floating point,Pattern recognition,0
Peer-to-peer,Computer,1
Application software,Computational science,0
Index (database),Data (computing),1
Bioinformatics,Denotational semantics,0
Operating system,First-order logic,0
Partial differential equation,Differential equation,1
Unsupervised learning,Statistical inference,1
Sentiment analysis,Document classification,1
Finite element method,Motion capture,0
Communication,Mathematical optimization,0
Operating system,Algorithm,1
Concurrency control,Discrete mathematics,1
Java (programming language),Computational complexity theory,1
Message passing,Number theory,1
Fourier analysis,Computer graphics,0
Thread (computer science),Multiplication,0
Dynamic programming,Polynomial,1
Telecommunications network,Lock (computer science),0
P versus NP problem,Logic,1
Interface (computing),Virtual reality,0
Debugging,Programming language,1
Probability theory,Entropy,0
Perl,Regular expression,1
ML (programming language),Computer,1
Complexity class,Computing,1
Numerical analysis,Mathematical induction,1
Instruction set,Document classification,0
Scope (computer science),Combinatorics,0
Discrete mathematics,NP-complete,0
Robotics,Shading,0
Integral,Regular expression,0
Probability theory,Markov process,0
MapReduce,Design pattern (computer science),0
Formal language,Computer,1
Regular language,Exponential family,0
Reinforcement learning,Graph theory,1
Parallel algorithm,Computer science,1
Mathematical model,Deadlock,0
PSPACE,Computer simulation,0
Concurrent computing,Computer,1
Recurrence relation,Combinatorics,1
Message passing,Mathematics,1
String searching algorithm,Foundations of mathematics,1
Stochastic process,Dynamic memory allocation,0
Arithmetic logic unit,Symmetric multiprocessing,0
Mutual exclusion,Correlation and dependence,0
Hidden line removal,Rendering (computer graphics),0
Automata theory,Communication,0
Symbol table,Discrete mathematics,1
Kernel (computing),Recursion,0
Cryptographic hash function,Mathematical proof,1
Random graph,3D computer graphics,0
Time complexity,Computability,1
Computational problem,World Wide Web,0
Hidden Markov model,Finite element method,0
Inequality (mathematics),First-order logic,0
Compiler,Variable (computer science),0
Malware,Computer network,1
Algorithm design,Cryptographic hash function,0
Formal language,Foundations of mathematics,1
Type system,First-order logic,0
Scheduling (computing),Communication,0
Design of experiments,Data,1
Concurrency (computer science),Lock (computer science),1
Automated theorem proving,Feature extraction,0
PSPACE,Computational complexity theory,1
Computer science,Integral,0
Computer science,Arithmetic,1
Message passing,Hidden Markov model,0
Autonomous robot,Motion planning,1
Monte Carlo method,Discrete mathematics,1
String searching algorithm,Integer,1
Computer vision,Numerical analysis,1
Decision theory,Data,1
Computer programming,Logic,1
Automated planning and scheduling,Computer science,1
Partial differential equation,Matrix (mathematics),1
Software design,Logic,1
Formal language,Data structure,1
Dynamic memory allocation,Input/output,1
Graphical user interface,Lexical analysis,0
Formal methods,Personal computer,0
Perl,Computer science,1
System call,Game theory,0
Algorithm design,Mathematics,1
Compiler optimization,Microprocessor,0
Visualization (computer graphics),Geometry,1
Computer architecture,Number theory,1
Web service,Interpolation,0
Functional programming,Scalability,0
Lisp (programming language),Programming language,1
Message Passing Interface,Correlation and dependence,0
Recommender system,Artificial intelligence,1
Parallel algorithm,Computing,1
Document classification,Discrete mathematics,1
Symbol table,Economics,0
Query optimization,Denotational semantics,0
Kinematics,Digital electronics,0
Query language,Data structure,1
Recurrence relation,Mathematical induction,1
Software engineering,Iterative method,1
Java (programming language),Computer,1
String searching algorithm,Mathematics,1
Divide and conquer algorithm,Combinatorics,1
Theory of computation,Computer,1
SQL,Computing,1
Recursion (computer science),Abstraction (computer science),1
Program optimization,Computer science,1
Graph theory,Semantics of programming languages,0
Computational complexity theory,Semantics of programming languages,0
Recurrence relation,Information security,0
Hidden line removal,Computability,1
Partial differential equation,Numerical analysis,1
Scalability,Java (programming language),1
Algorithm design,Question answering,0
Performance tuning,Eigenvalues and eigenvectors,0
Design of experiments,Data type,0
Reason,Garbage collection (computer science),0
Scalability,Computer programming,1
Functional programming,Generic programming,1
Application software,Digital electronics,1
Software framework,Data structure,1
Performance tuning,Multi-core processor,0
Automatic programming,Sparse matrix,0
Volume rendering,Computer graphics,1
Database,Data structure,1
Logic programming,Graph theory,1
Round-off error,Sufficient statistic,0
Recursion (computer science),Web browser,0
Speech recognition,Random variable,1
Compiler,Parsing,1
Rendering (computer graphics),SQL,0
Profiling (computer programming),Probability theory,0
Program analysis,Graph theory,1
Reinforcement learning,Machine learning,1
Mathematical model,Foundations of mathematics,1
Inter-process communication,Modular programming,0
Random walk,Graph (mathematics),1
Data mining,Reinforcement learning,0
Computer programming,Foundations of mathematics,1
Assembly language,Stack (data structure),0
Number theory,Digital signature,0
Cryptography,Iterative method,1
Cryptanalysis,Finite set,0
Programming language,NP (complexity),0
SQL,Computability,1
Query optimization,Programming language,1
Parametric polymorphism,Automata theory,1
Theoretical computer science,Scripting language,0
Program optimization,Mathematical induction,1
Markov process,Social network,0
Database design,Operating system,1
Cache coherence,Quantum cryptography,0
Software engineering,Data type,1
Martingale (probability theory),Markov chain,1
Linear system,Bayesian probability,0
Graphics,Denotational semantics,0
Computing,Computer network,0
Hidden Markov model,Symbol table,0
Functional programming,Computability,1
Input/output,Gradient descent,0
Algorithm,Regular expression,0
Formal language,Computer programming,1
Neural network,P versus NP problem,0
Queue (data structure),Array data structure,1
Calculus,Arithmetic,1
Modular arithmetic,Algebra,1
Quantum cryptography,Computational complexity theory,1
Sentiment analysis,Natural language,1
Computational learning theory,Uncertainty,1
Parallel computing,Mathematics,1
Markov chain,3D modeling,0
Random variable,File system,0
Algorithm design,Introduction to Algorithms,1
Partial differential equation,Computational learning theory,0
Motion planning,Kalman filter,0
User interface design,Computer security,0
C++,Logic,1
Stochastic process,Floating point,0
Information security,Web browser,0
Imperative programming,Foundations of mathematics,1
Suffix tree,Regular expression,1
Parsing,Web server,0
Symmetric multiprocessing,Concurrency (computer science),1
Time complexity,Computer,1
Transaction processing,Calculus,0
Hash table,Machine learning,0
Procedural programming,Debugging,0
Programming paradigm,Programming language,1
Symmetric multiprocessing,Finite set,0
Decision theory,Polynomial,1
Profiling (computer programming),Theoretical computer science,1
Memory hierarchy,Sufficient statistic,0
Scripting language,Abstract data type,0
Hidden line removal,Turing machine,0
Control flow,Software engineering,0
Mobile device,Computational science,0
Matrix (mathematics),Mathematical optimization,0
Theory of computation,System call,0
Analysis of algorithms,Logic,1
User interface,Algorithm,1
Undecidable problem,Foundations of mathematics,1
System programming,Modular arithmetic,0
Computer animation,Geometry,1
Recursion,Data (computing),0
Graph theory,Mathematics,1
Java (programming language),Data structure,1
Randomized algorithm,Mathematical induction,1
Round-off error,Markov process,0
Document classification,Image,0
Information security,Context-free grammar,0
Software engineering,Computational science,1
Compiler optimization,Round-off error,0
Object-oriented programming,Programming paradigm,0
Computer graphics,Abstraction (computer science),1
Programmer,MapReduce,0
Virtual memory,Input/output,1
Performance tuning,C (programming language),0
Geometric modeling,Theoretical computer science,1
Logic programming,Natural language,0
Cryptography,Mutual exclusion,0
Atomicity (database systems),Virtual memory,0
Algorithm,Mathematical proof,1
Multi-core processor,NP-complete,0
Web service,Amortized analysis,0
Debugging,Computing,1
Cryptanalysis,Problem solving,1
PSPACE,Discrete mathematics,1
Personal computer,Arithmetic,1
First-order logic,Graph coloring,0
Application programming interface,Computer,1
Pattern recognition,Number theory,1
Programmer,Natural language processing,0
Cache coherence,Motion capture,0
Natural language processing,Queue (data structure),0
Computational chemistry,Computational science,1
Geometric modeling,Foundations of mathematics,1
Assembly language,Interactivity,0
Computer science,Regular expression,0
JavaScript,Shortest path problem,0
Undecidable problem,World Wide Web,0
Graphical model,Random variable,1
Compiler optimization,Parallel computing,0
Analysis of algorithms,Graph (mathematics),1
Machine translation,Interaction design,0
Question answering,Numerical analysis,1
Artificial intelligence,List of undecidable problems,0
Support vector machine,Algorithm,1
Debugging,Program optimization,0
Knowledge representation and reasoning,Garbage collection (computer science),0
Social network,Coding theory,0
B-tree,Foundations of mathematics,1
Relational database management system,Natural language processing,0
Relational database,Graph theory,1
Martingale (probability theory),Robotics,0
Peer-to-peer,Kinematics,0
Microprocessor,Computational geometry,0
List of undecidable problems,Computational geometry,0
Scientific visualization,Computer science,1
Quantum cryptography,Time complexity,0
Semidefinite programming,Quantum computer,0
Complexity class,Database,0
Lazy evaluation,Semidefinite programming,0
Software development,Logic,1
Denotational semantics,Combinatorics,0
MapReduce,Communication,0
Poisson distribution,Probability theory,1
Rendering (computer graphics),Programming style,0
Pattern matching,Discrete mathematics,0
ML (programming language),Computer science,1
First-order logic,Procedural programming,0
Turing machine,Polymorphism (computer science),0
Ray tracing (graphics),Mathematics,1
Algorithm design,Randomized algorithm,0
Information security,Programmer,0
Computer network,Number theory,1
Computer graphics,Iterative method,1
Object-oriented programming,Computability,1
Processor register,Exponential family,0
Design of experiments,Motion capture,0
Exponential family,Algebra,1
Least squares,Theoretical computer science,0
Formal language,Computer science,1
Concurrency control,Computer,1
JavaScript,World Wide Web,1
Operating system,Arithmetic,1
Python (programming language),High-level programming language,1
Web search engine,Iterative method,1
Big data,Algorithm design,0
Least squares,Numerical analysis,1
Garbage collection (computer science),Pattern recognition,0
Mathematical proof,Speech recognition,0
Linear system,Information theory,0
Genetic algorithm,Data (computing),0
Concurrency control,Finite-state machine,0
Boundary value problem,Partial differential equation,1
Database transaction,Lexical analysis,0
Suffix tree,Unsupervised learning,0
Program analysis,Nonlinear system,0
Document classification,Artificial intelligence,1
Software testing,3D computer graphics,0
Reason,CPU cache,0
Geometric modeling,Mathematics,1
Computational chemistry,Computability,1
Database system,Correlation and dependence,0
Inheritance (object-oriented programming),Object-oriented programming,1
3D modeling,Motion capture,0
NP-complete,Number theory,1
Randomization,Semidefinite programming,0
Martingale (probability theory),Partial differential equation,0
Artificial intelligence,Statistical hypothesis testing,0
Interaction design,Wireless sensor network,0
Speech recognition,Computer science,1
Data analysis,Finite set,0
Object-oriented programming,Superscalar,0
Mathematical proof,Image processing,0
Linked list,Foundations of mathematics,1
Model checking,Computer science,1
Software development,Graph theory,1
Expert system,Computer science,1
Pattern matching,String (computer science),1
Machine learning,Programming language,1
Concurrency (computer science),Computer programming,1
Ray tracing (graphics),Computational science,1
Computer graphics,Computer,1
Rendering (computer graphics),Garbage collection (computer science),0
Congestion control,Data (computing),1
Object (computer science),Computer simulation,0
Randomized algorithm,Coding theory,0
Speech recognition,Computer,1
Quantum computer,Integer,1
Finite difference,Integer,1
Mobile device,ML (programming language),0
Computer vision,Computational science,1
Interactivity,System call,0
Polynomial,Automated planning and scheduling,0
Computer software,Symmetric multiprocessing,0
Programming paradigm,Mathematics,1
Peer-to-peer,Symmetric multiprocessing,0
Sentiment analysis,Concurrency control,0
Computer network,Natural language processing,0
Statistical inference,Mathematics,1
C++,Computing,1
Random walk,Formal verification,0
Expected value,Computational chemistry,0
Complexity class,Computational science,0
Mathematical model,Computer animation,0
Concurrency control,Computer security,0
Assembly language,Routing,0
Sufficient statistic,Randomization,0
Neural network,Statistical inference,1
Integer,Pattern matching,0
Database design,Relational algebra,1
Relational database,Arithmetic,1
Pushdown automaton,Randomized algorithm,0
Statistical hypothesis testing,Performance tuning,0
Finite element method,Wireless sensor network,0
First-order logic,Security,0
Exponential family,Automata theory,0
Approximation,Integral,0
Time complexity,Discrete mathematics,1
Atomicity (database systems),Data structure,1
Hidden Markov model,Statistical inference,1
Spanning tree,Pattern recognition,0
Hidden line removal,Computer science,1
Computer simulation,Graph theory,1
Mathematical model,Compiler,0
Knowledge representation and reasoning,Graph theory,1
Theory of computation,Foundations of mathematics,1
Robot,Artificial intelligence,1
Formal methods,Signal processing,0
Divide and conquer algorithm,Computability,1
Run time (program lifecycle phase),Mathematics,1
Algorithm design,Array data structure,0
Central processing unit,Mathematical model,0
Programming style,Data structure,1
Image processing,Arithmetic logic unit,0
Expert system,Artificial intelligence,1
Shortest path problem,Memory management,0
Semidefinite programming,Linear programming,1
Feature extraction,Part-of-speech tagging,0
Computing,Unsupervised learning,0
P versus NP problem,Control flow,0
Machine translation,Kernel (computing),0
Stochastic process,Data analysis,0
Lisp (programming language),Computer programming,1
Social network,Image analysis,0
Security,Flow network,0
Programmer,Computability,1
Undecidable problem,Mathematical proof,1
Synchronization,Large deviations theory,0
Computer programming,Discrete mathematics,1
System programming,Computer security,0
Distributed computing,Embedded system,0
Cluster analysis,Interaction design,0
Automata theory,Game theory,0
Graph theory,Computational science,1
Peer-to-peer,Automata theory,0
Object (computer science),Number theory,1
Computational learning theory,Central processing unit,0
Amortized analysis,Mathematics,1
Regular expression,Modular arithmetic,0
Inference,Interaction design,0
Compiler,Assembly language,1
Graphical user interface,Number theory,1
Natural language,Control flow,0
File system,Geometric modeling,0
Complexity class,Algorithm,1
Hidden line removal,Combinatorics,1
Approximation,Graphical model,0
Parsing,Computer programming,1
Machine learning,Symmetric multiprocessing,0
Symmetric multiprocessing,Operating system,1
Firewall (computing),Computer,1
Scientific visualization,Algorithm,1
Economics,Design pattern (computer science),0
Compiler,Computer architecture,1
Motion capture,Design of experiments,0
Model of computation,Integer,1
System programming,Algorithm,1
Web search engine,Discrete mathematics,1
SQL,Arithmetic,1
Turing machine,Computer network,0
Operating system,Array data structure,0
Software design,Computability,1
Graphical user interface,Logic,1
Communications protocol,Combinatorics,1
Markov chain,Algebra,1
Algorithm,Prediction,0
Ordinary differential equation,Eigenvalues and eigenvectors,1
Quantum mechanics,Scripting language,0
3D modeling,Computation,1
Natural language processing,Foundations of mathematics,1
Ray tracing (graphics),Information assurance,0
Semidefinite programming,Quantum cryptography,0
Recursion (computer science),Formal methods,0
Boundary value problem,Differential equation,1
Motion planning,Debugging,0
Computer animation,Computer graphics,1
Telecommunications network,Query language,0
High-level programming language,Computer,1
Linear programming,Scalability,0
Personal computer,Monte Carlo method,0
Design pattern (computer science),Computer network,0
Interaction design,Computer programming,1
Automated theorem proving,Mathematical proof,1
Computer,Markov process,0
Haskell (programming language),Variable (computer science),1
Gradient descent,Polynomial,1
Discrete mathematics,Pushdown automaton,0
ML (programming language),Functional programming,1
Distributed algorithms,Firewall (computing),0
Database transaction,Model checking,0
Programming language,Generic programming,0
Robotics,Analysis of algorithms,1
Communication,Synchronization,0
Type system,Model checking,0
Lexical analysis,Data structure,1
Data,Regular language,0
Instruction set,Computer,1
Randomness,Analysis of algorithms,0
Computer architecture,Mathematical model,0
Bayesian probability,Cryptanalysis,0
String searching algorithm,Computer science,1
Complexity,Generic programming,0
Document classification,Bayesian probability,0
Assembly language,Computational science,1
Fast Fourier transform,Big data,0
3D computer graphics,Problem solving,1
Computing,Correlation and dependence,0
Compiler optimization,Programming language,1
Numerical analysis,Operating system,0
C++,High-level programming language,1
Linked list,Procedural programming,0
Computer animation,Graphics processing unit,0
Bayesian probability,Packet switching,0
Symbol table,Graph theory,1
Scope (computer science),Logic,1
Synchronization,Probability,0
String (computer science),Computing,1
Higher-order function,Sequence alignment,0
Network security,Data (computing),1
Pipeline (computing),Central processing unit,1
Probability,Uncertainty,1
Security,Discrete mathematics,0
Recursion (computer science),Computational science,1
Java (programming language),Variable (computer science),1
Compiler optimization,Coding theory,0
Design pattern (computer science),Eigenvalues and eigenvectors,0
Application programming interface,Round-off error,0
Bioinformatics,Database system,0
Operating system,Computer programming,1
Communications protocol,Lexical analysis,0
Operating system,Computer science,1
Computer,Computation,0
"Best, worst and average case",Lexical semantics,0
Scalability,Software design,1
Computational complexity theory,Mathematics,1
List of undecidable problems,Computer science,1
B-tree,Computer,1
Variable (computer science),HTML,0
PageRank,Malware,0
Graph (mathematics),Mathematical proof,1
Embedded system,Input/output,1
Data warehouse,Data (computing),1
Time complexity,Logic,1
