Internet Protocol Suite,Array data structure
Web browser,Approximation
Object (computer science),Computer vision
Question answering,HTML
Atomicity (database systems),Kinematics
Computer software,Automata theory
Personal computer,String (computer science)
Firewall (computing),Syntax
Turing machine,Human-computer interaction
Markov chain,Wavelet
Microcode,Fixed point (mathematics)
High-level programming language,Reinforcement learning
Graphics,Modular programming
Operating system,Complexity
3D computer graphics,Distributed computing
System call,Abstract data type
Boundary value problem,Data type
Economics,Kalman filter
Divide and conquer algorithm,Nonlinear system
Haskell (programming language),Traffic analysis
C (programming language),PSPACE
String (computer science),Random variable
Linear system,User interface
Assembly language,C (programming language)
Amortized analysis,hypothesis testing
Algorithm design,Routing
Relational model,Document classification
Statistics,Computer software
Data (computing),Semidefinite programming
Geometric modeling,Kinematics
NP-complete,Numerical analysis
Pushdown automata,Undecidable problem
Cluster analysis,Graph (mathematics)
Congestion control,Conditional probability
Functional programming,Mobile device
Information assurance,Genetic algorithm
Inheritance (object-oriented programming),PageRank
Variable (computer science),Cryptography
Recurrence relation,Graphics
Compiler optimization,Information theory
Microprocessor,System call
Linear programming,Computer
Graphics,Variable (computer science)
Predicate logic,Data
Routing,Mathematical optimization
Mathematics,Randomness
Newton's method,Telecommunications network
Lexical analysis,Decision theory
Data warehouse,Memory hierarchy
Abstract data type,Large deviations theory
Inheritance (object-oriented programming),Cloud computing
Database system,Genetic algorithm
Symbol table,Personal computer
Image,Bioinformatics
Array data structure,Mathematics
Lisp (programming language),Multiplication
Wireless sensor network,Entropy
Web search engine,Inter-process communication
Concurrency control,Malware
Cryptographic hash function,Lexical semantics
Routing,Probability
First-order logic,C (programming language)
PSPACE,Pushdown automata
Complexity,High-level programming language
Correlation and dependence,Quantum mechanics
Syntax,Prolog
Computer vision,Information assurance
Boundary value problem,Randomness
World Wide Web,Data
Packet switching,Message Passing Interface
Concurrency (computer science),Computational chemistry
Virtual memory,Model checking
Predicate logic,Information security
Denotational semantics,Dynamic programming
Memory hierarchy,Modular programming
Analysis of algorithms,Undecidable problem
Python (programming language),Linear algebra
Debugging,Server (computing)
Software development,Spanning tree
Fast Fourier transform,Interactivity
Parsing,Complexity
Linked list,Floating point
Parallel computing,Integer
Finite difference,Stochastic
Complexity class,Recurrence relation
Peer-to-peer,Computational science
Inequality (mathematics),Partial differential equation
Recursively enumerable set,World Wide Web
Decision theory,Machine learning
SQL,Round-off error
File system,Mobile device
NP-complete,Martingale (probability theory)
Stochastic,Memory management
Markov process,Complexity class
Computational learning theory,3D modeling
Statistical inference,Mutual exclusion
Sentiment analysis,Design pattern (computer science)
Nonlinear system,GPU
Relational algebra,Recommender system
Programming language,Control flow
Database management system,Symbol table
Logic programming,Garbage collection (computer science)
Regular language,Stochastic process
Generic programming,Computer vision
Processor register,Python (programming language)
List of undecidable problems,Artificial intelligence
Artificial intelligence,Structured programming
User interface design,Exponential family
Motion capture,World Wide Web
Robot,Wavelet
Very long instruction word,Shared memory
NP (complexity),Central processing unit
Knowledge representation and reasoning,Telecommunications network
Decision theory,Computer network
Computational science,Divide and conquer algorithm
Wireless sensor network,Queue (data structure)
Modular arithmetic,Symmetric multiprocessing
Traffic analysis,Polymorphism (computer science)
Computer multitasking,Mathematical model
Application programming interface,Information security
Computational science,Floating point
Economics,Interpolation
Integral,Wireless sensor network
B-tree,Large deviations theory
User interface design,Matrix (mathematics)
Regular language,Sufficient statistic
Least squares,Dynamic programming
Neural network,Processor register
Graphical user interface,Sufficient statistic
String searching algorithm,Floating point
Programmer,Quantum mechanics
SQL,Context-free grammar
Query optimization,Design pattern (computer science)
Gradient descent,Hash table
Prediction,Game theory
Data analysis,Statistical inference
Volume rendering,Data (computing)
Interaction design,Reinforcement learning
Model of computation,Concurrency control
Design pattern (computer science),Formal language
Inference,Hidden Markov model
Context-free grammar,Software framework
Recommender system,Context-free language
Iterative method,Computational science
Expected value,Deadlock
Type system,Procedural programming
Parallel computing,Lexical semantics
Authentication,Stochastic
Computational science,Natural language processing
Software engineering,Sequence alignment
Mathematics,Robotics
Divide and conquer algorithm,Geometry
Combinational logic,Complexity class
Distributed algorithms,Rendering (computer graphics)
Web search engine,Vulnerability (computing)
User interface,Regular language
Packet switching,Wavelet
Lexical analysis,MapReduce
Security,Application software
Parallel computing,Kinematics
Turing machine,Database
Number theory,Natural language
Query optimization,Symmetric multiprocessing
Randomness,Coding theory
Foundations of mathematics,Part-of-speech tagging
Queue (data structure),Inference
Mathematical model,Thread (computer science)
Quantum mechanics,Estimation theory
Symbol table,Sequence alignment
Question answering,Fast Fourier transform
Fixed point (mathematics),Automated theorem proving
Flow network,Computer
Entropy,Recommender system
Pipeline (computing),Scope (computer science)
Programming paradigm,Kalman filter
Finite difference,Reinforcement learning
Digital electronics,Complexity
World Wide Web,Data (computing)
List of undecidable problems,Finite difference
Graph (mathematics),Lazy evaluation
Partial differential equation,Virtual memory
Mutual exclusion,Atomicity (database systems)
Computation,Stochastic process
Interaction design,ML (programming language)
Prolog,Flow network
Message Passing Interface,Superscalar
3D computer graphics,Robotics
World Wide Web,User interface design
Scientific visualization,Data structure
Run time (program lifecycle phase),Matrix (mathematics)
Internet,Autonomous robot
Structured programming,Deadlock
World Wide Web,Data analysis
Formal verification,Autonomous robot
HTML,Stack (data structure)
Volume rendering,Statistics
Computer animation,NP-complete
MATLAB,Object-oriented programming
Profiling (computer programming),Visualization (computer graphics)
User interface design,Computing
Bayesian,Abstraction (computer science)
Routing,Modular programming
Programming style,PSPACE
Variable (computer science),Software framework
Database,Gradient descent
Perl,NP-complete
Random walk,User interface
Unix,Graph (mathematics)
Programming style,Internet Protocol Suite
Motion planning,Automated theorem proving
Computational science,Wireless sensor network
Random walk,String (computer science)
Computational chemistry,Bayesian
Control flow,Recursion (computer science)
Computer architecture,Differential equation
Stack (data structure),Embedded system
Vector processor,Quantum computer
Generic programming,Uncertainty
Fast Fourier transform,hypothesis testing
Randomization,Wavelet
Boundary value problem,Fast Fourier transform
Application software,Mathematics
Memory hierarchy,Theoretical computer science
Round-off error,Computational geometry
Computational geometry,Assembly language
Entropy,Computer security
Computer graphics,Distributed algorithms
Differential equation,Prolog
Shared memory,Pattern recognition
Recurrence relation,Big data
Random graph,Machine learning
Kalman filter,Statistical inference
Interactivity,Suffix tree
Robotics,Calculus
Pattern recognition,Unsupervised learning
Mobile device,Decision theory
Signal processing,Human-computer interaction
Prolog,Tensor
Knowledge representation and reasoning,Time complexity
Graph coloring,Server (computing)
Pattern recognition,Memory hierarchy
Economics,Database transaction
Syntax,Stochastic process
Motion capture,Rendering (computer graphics)
Image processing,Statistical inference
Fixed point (mathematics),Exponential family
Semantics of programming languages,Telecommunications network
Object (computer science),System programming
Approximation,Database transaction
Haskell (programming language),Newton's method
Mathematical induction,Numerical analysis
Telecommunications network,Computer multitasking
Rendering (computer graphics),Computational complexity theory
Interactivity,Data mining
Sequence alignment,Digital electronics
Modular arithmetic,Communications protocol
User interface design,Unix
Information security,Kinematics
Database transaction,Undecidable problem
Mechanical engineering,Model checking
Computational learning theory,Higher-order function
Computational science,Memory hierarchy
Machine translation,Dynamic memory allocation
Microprocessor,Software framework
Superscalar,Mathematics
Graph coloring,Virtual memory
Automatic programming,Lock (computer science)
Wavelet,Arithmetic
Visualization (computer graphics),Natural language processing
Routing,Hash table
PageRank,B-tree
World Wide Web,Shared memory
Web search engine,Application programming interface
Cloud computing,Ordinary differential equation
Scope (computer science),Theoretical computer science
Large deviations theory,Programming style
SQL,Pipeline (computing)
String (computer science),Artificial intelligence
Number theory,Geometric modeling
Image analysis,Recurrence relation
Kernel (computing),Control flow
Time complexity,Application programming interface
Integral,System call
Bayesian network,Hash table
Monte Carlo method,Pattern recognition
Natural language processing,Unix
Computer graphics,Cloud computing
Recommender system,Database system
Correlation and dependence,Machine learning
Poisson distribution,Game theory
Genetic algorithm,Haskell (programming language)
Web service,Communication
Suffix tree,3D computer graphics
Integral,Shortest path problem
Array data structure,Object-oriented programming
Geometry,Communications protocol
Automated theorem proving,Program analysis
MATLAB,Program optimization
Design of experiments,Computational learning theory
Semantics,Iterative method
Linear system,Malware
Concurrency (computer science),File system
Computer animation,Message passing
Automata theory,C (programming language)
Knowledge representation and reasoning,Computational learning theory
B-tree,Application programming interface
Continuous function,Combinational logic
Finite-state machine,Graphical model
Neural network,Python (programming language)
Embedded system,Asymptotic analysis
Arithmetic,Model checking
Machine translation,Suffix tree
Mathematical optimization,Information theory
HTML,Application programming interface
Mobile device,Network security
Probability theory,Cryptography
Data structure,Cache coherence
Lazy evaluation,Cloud computing
Abstract data type,Digital signature
Monte Carlo method,Application software
Combinational logic,Recursively enumerable set
Gradient descent,MapReduce
Robot,Traffic analysis
Distributed algorithms,Formal grammar
Graphical user interface,Information theory
Suffix tree,Graphics
NP-complete,Automata theory
Document classification,Design of experiments
Queue (data structure),Differential equation
Semantics of programming languages,Inequality (mathematics)
Scalability,Prediction
Integer,Cluster analysis
Signal processing,Computational learning theory
Least squares,Dynamic memory allocation
Firewall (computing),Server (computing)
Quantum computer,Unsupervised learning
Complexity,Graph (mathematics)
Automatic programming,Sufficient statistic
Dynamic programming,Parallel algorithm
Quantum computer,Perl
Question answering,Distributed algorithms
Java (programming language),Integral
Formal verification,Monte Carlo method
Cloud computing,Ordinary differential equation
Stack (data structure),Mutual exclusion
Web search engine,Least squares
Random variable,Integer
First-order logic,Traffic analysis
Abstraction (computer science),Computability
Quantum mechanics,Approximation
Digital signature,Neural network
Digital signature,Virtual reality
Spanning tree,Signal processing
Malware,Statistics
Algorithm,Semantics
Linear programming,Cryptographic hash function
Very long instruction word,Economics
Parallel computing,PSPACE
Object-oriented programming,Computational learning theory
Web browser,Object (computer science)
Recursion (computer science),Python (programming language)
String searching algorithm,Volume rendering
Formal language,Automatic programming
Number theory,Design of experiments
Data (computing),Deadlock
P versus NP problem,Divide and conquer algorithm
Feature extraction,Mathematical optimization
Lexical semantics,Web search engine
Mathematical proof,Security
Sequence alignment,Document classification
Virtual memory,Kernel (computing)
Inter-process communication,Server (computing)
Unix,Large deviations theory
Telecommunications network,Conditional probability
Semidefinite programming,Formal methods
Algebra,Lexical analysis
Neural network,Model of computation
Computer graphics,Central processing unit
Calculus of variations,Bioinformatics
Graphical user interface,Least squares
PageRank,Information assurance
Compiler,Asymptotic analysis
Context-free grammar,Inheritance (object-oriented programming)
Tensor,Randomization
Bayesian,Malware
Randomized algorithm,Model of computation
Debugging,Regular language
Perl,Computability
Abstract data type,User interface design
Kalman filter,Boundary value problem
Database management system,Parallel algorithm
Computational learning theory,Debugging
First-order logic,Combinatorics
Scripting language,Data (computing)
Debugging,Web browser
Complexity class,Geometric modeling
Distributed algorithms,Programming style
Wavelet,Eigenvalues and eigenvectors
Social network,Memory hierarchy
Shortest path problem,Knowledge representation and reasoning
Semantics of programming languages,Denotational semantics
Introduction to Algorithms,GPU
Mathematical induction,Web service
Software testing,Python (programming language)
Logic,Computability
Quantum computer,Image
Parallel algorithm,Hidden Markov model
Input/output,Multi-core processor
Web server,Polymorphism (computer science)
3D modeling,Graphical user interface
Input/output,Logic programming
Pattern matching,Kalman filter
Peer-to-peer,Interface (computing)
Computer science,Computer multitasking
Probability theory,Linear programming
Web search engine,Database design
Mathematical model,Array data structure
Linear programming,Markov process
Inference,Logic programming
Web browser,Randomization
Garbage collection (computer science),Transaction processing
Computer security,Social network
Scientific visualization,Knowledge representation and reasoning
Transaction processing,Coding theory
Database,Integer
Imperative programming,Packet switching
HTML,Symmetric multiprocessing
Concurrency control,Linear programming
Cryptography,Multi-core processor
Web search engine,Scheduling (computing)
P versus NP problem,Inheritance (object-oriented programming)
Prolog,Wireless sensor network
Artificial intelligence,Lexical analysis
Mutual exclusion,Processor register
Graph theory,HTML
JavaScript,Introduction to Algorithms
User interface design,Interaction design
Application software,Multi-core processor
Shared memory,Inheritance (object-oriented programming)
Relational algebra,Differential equation
Telecommunications network,Higher-order function
Prediction,Reinforcement learning
Graphics,Sentiment analysis
Randomness,Software design
Information theory,Congestion control
Computer animation,Security
System programming,Memory management
Suffix tree,Exponential family
Shading,Matrix (mathematics)
Question answering,Recurrence relation
Web browser,Embedded system
Recommender system,Shared memory
OSI model,User interface
NP-complete,Least squares
Internet Protocol Suite,Functional programming
Shared memory,Memory management
Communication,Stack (data structure)
Combinational logic,Virtual memory
Computer network,Quantum computer
Gradient descent,Run time (program lifecycle phase)
Computational problem,Finite element method
Randomized algorithm,Amortized analysis
Expected value,Computer architecture
Algebra,Scripting language
Combinational logic,Stack (data structure)
Mathematical optimization,Quantum cryptography
Congestion control,Least squares
Query language,Data analysis
JavaScript,Digital signature
Round-off error,String searching algorithm
Computability,Continuous function
Floating point,Performance tuning
Message Passing Interface,Knowledge representation and reasoning
Computer simulation,Kernel (computing)
Parallel algorithm,Randomization
Formal methods,Information theory
Vulnerability (computing),Formal methods
Higher-order function,Database management system
Cluster analysis,Linear programming
Firewall (computing),Quantum cryptography
Expert system,Computing
Data,Semantics of programming languages
Program optimization,Natural language processing
Economics,Parallel computing
Graphics,Structured programming
Operating system,Regular language
Data type,Stochastic process
Quantum mechanics,Security
Iterative method,Linear programming
Lazy evaluation,Logic
Perl,Human-computer interaction
Document classification,Automated theorem proving
Profiling (computer programming),Public-key cryptography
Graph (mathematics),Perl
Probability,Automated theorem proving
Linear algebra,Formal methods
Index (database),Part-of-speech tagging
Inequality (mathematics),C (programming language)
Shading,Mutual exclusion
Data type,Communications protocol
Linked list,Predicate logic
Computer network,Digital signature
Correlation and dependence,Cloud computing
Peer-to-peer,Rendering (computer graphics)
Concurrency control,Time complexity
Randomized algorithm,Queue (data structure)
Integral,Decision theory
Probability theory,PageRank
Round-off error,Web browser
Parallel computing,Graph coloring
Server (computing),Halting problem
Robot,Python (programming language)
Combinational logic,Compiler optimization
Program optimization,Database system
Computer network,Software testing
Information security,Speech recognition
Kernel (computing),Model checking
Communications protocol,Cryptography
Monad (functional programming),Entropy
Syntax,Exponential family
Encryption,Digital signature
Document classification,Computer software
Signal processing,Data mining
Software design,Automated theorem proving
Recursion (computer science),Time complexity
Multi-core processor,Mathematical optimization
Stochastic,Problem solving
Lazy evaluation,Transaction processing
Parsing,Estimation theory
Game theory,Computer programming
Synchronization,Quantum cryptography
Arithmetic,Modular programming
Computer simulation,Ray tracing (graphics)
Cryptography,Big data
Cache coherence,Hidden Markov model
Pattern matching,Program optimization
Virtual reality,Probability
Programmer,Amortized analysis
Polymorphism (computer science),Concurrency control
Inheritance (object-oriented programming),Cluster analysis
Communication,Assembly language
Nonlinear system,Computational science
Programmer,Time complexity
Complexity class,Decision theory
Database management system,Cache coherence
Context-free grammar,Cluster analysis
Randomness,Cluster analysis
Formal verification,Turing machine
Parsing,Formal methods
Graph (mathematics),Sufficient statistic
Input/output,Higher-order function
Random walk,C++
Analysis of algorithms,Quantum computer
Web search engine,Speech recognition
Least squares,Distributed algorithms
Problem solving,Mathematical model
Cache coherence,Cryptographic hash function
Software development,Peer-to-peer
Introduction to Algorithms,Regular expression
Turing machine,Poisson distribution
Web server,Relational model
Multi-core processor,Automated planning and scheduling
Artificial intelligence,Modular arithmetic
Complexity,Congestion control
Atomicity (database systems),Robot
Human-computer interaction,Internet Protocol Suite
Automata theory,Computational learning theory
Dynamic programming,Kalman filter
Cache coherence,Query language
Prediction,Hash table
Internet Protocol Suite,Finite set
Logic programming,Wavelet
Automata theory,Graph coloring
Image processing,Knowledge representation and reasoning
Web server,Discrete mathematics
Neural network,Graphics
PSPACE,Symmetric multiprocessing
Coding theory,Processor register
MapReduce,Scope (computer science)
Semantics of programming languages,Support vector machine
String searching algorithm,Recursion (computer science)
Recommender system,Uncertainty
Document classification,Fixed point (mathematics)
Semantics,Interpolation
Random walk,Structured programming
Distributed algorithms,Software testing
Digital electronics,Lexical analysis
Stochastic process,Database design
Pattern matching,Natural language
Image analysis,Statistics
Halting problem,Transaction processing
Theory of computation,Data mining
Mathematical proof,Software engineering
Object-oriented programming,Software development
Relational algebra,Multi-core processor
Vector processor,Parametric polymorphism
Communication,Algorithm design
List of undecidable problems,Computational chemistry
Database,Software design
Fourier analysis,Distributed computing
Graph theory,Debugging
Differential equation,Object-oriented programming
Communication,Spanning tree
Conditional probability,Public-key cryptography
Halting problem,Fixed point (mathematics)
Part-of-speech tagging,Software development
Multi-core processor,Modular programming
Security,Database design
Computational complexity theory,Computer simulation
Newton's method,Structured programming
Hidden Markov model,Image analysis
Virtual memory,String searching algorithm
Microcode,Automated theorem proving
Recommender system,Arithmetic
Data mining,Arithmetic
Modular arithmetic,Linear system
Type system,Computer simulation
Query language,Graph (mathematics)
Computational problem,Formal verification
Data,Mathematical proof
Web service,Randomization
Integer,Support vector machine
Pipeline (computing),High-level programming language
Random walk,Input/output
Approximation algorithm,Polymorphism (computer science)
Multiplication,Graph (mathematics)
Inference,Parallel computing
Communication,Polynomial
Server (computing),Sparse matrix
Computer vision,Document classification
C++,Pattern matching
Wavelet,Automated theorem proving
Polynomial,String searching algorithm
PSPACE,Data
Finite difference,Computability
Robotics,High-level programming language
NP-complete,Encryption
Semantics of programming languages,Random variable
3D modeling,Computer vision
Message Passing Interface,Poisson distribution
Neural network,Kinematics
String searching algorithm,Image processing
Authentication,Partial differential equation
Automated planning and scheduling,Context-free language
Application software,Finite set
SQL,Social network
Denotational semantics,Hash table
Array data structure,Fourier analysis
Bayesian,Question answering
Image,Random variable
Analysis of algorithms,Scientific modelling
Haskell (programming language),Web search engine
Compiler,Sentiment analysis
NP-complete,Mobile device
Microprocessor,Model checking
Number theory,Modular programming
Database design,Recurrence relation
Integer,Computer graphics
OSI model,Iterative method
Iterative method,Information assurance
Semantics,Kalman filter
Computability,Application programming interface
MATLAB,Computational learning theory
Program analysis,Computer architecture
Imperative programming,Memory management
Semantics of programming languages,Nonlinear system
Communications protocol,Graphical user interface
Distributed computing,String (computer science)
Propositional calculus,Inequality (mathematics)
Image analysis,Sentiment analysis
Social network,Server (computing)
Foundations of mathematics,Theoretical computer science
Algebra,Communication
Shortest path problem,Arithmetic
Automated theorem proving,List of undecidable problems
Semantics,Finite set
Processor register,Congestion control
Asymptotic analysis,Prolog
3D modeling,SQL
Computer architecture,Image processing
Embedded system,Wavelet
Stack (data structure),String searching algorithm
Ray tracing (graphics),Distributed computing
Polymorphism (computer science),Message passing
Interface (computing),Java (programming language)
Newton's method,Web search engine
Autonomous robot,User interface
User interface design,Bayesian network
Image analysis,Logic programming
Ordinary differential equation,Computer security
Matrix (mathematics),Thread (computer science)
Transaction processing,Expected value
Generic programming,Computer vision
Software design,Algebra
Computer security,Instruction set
Visualization (computer graphics),Lazy evaluation
Parallel algorithm,Semantics
Semidefinite programming,Programming paradigm
Geometric modeling,Neural network
Document classification,File system
Instruction set,Computer security
Probability,Reinforcement learning
Cluster analysis,Interactivity
Arithmetic,Cluster analysis
String (computer science),Fixed point (mathematics)
Object-oriented programming,System programming
Transaction processing,Cloud computing
Probability,NP-complete
Compiler,Sufficient statistic
Algebra,Motion capture
Floating point,Reason
Inter-process communication,Theoretical computer science
Dynamic memory allocation,C++
Personal computer,Robotics
Computer,Data warehouse
Quantum mechanics,Human-computer interaction
Telecommunications network,Polymorphism (computer science)
Automated planning and scheduling,Virtual reality
Algorithm design,Recursion
Digital electronics,Lisp (programming language)
Hidden line removal,Context-free language
Garbage collection (computer science),Input/output
Robotics,Graph coloring
Regular expression,Operating system
Human-computer interaction,Recursion (computer science)
Graph (mathematics),Stochastic process
Sentiment analysis,Cryptography
Vulnerability (computing),Computational science
Dynamic memory allocation,Parsing
Asymptotic analysis,Semantics
Interaction design,Multi-core processor
Wavelet,High-level programming language
Computer graphics,Queue (data structure)
Recursively enumerable set,Feature extraction
Combinational logic,Probability
Combinatorics,Complexity class
Atomicity (database systems),Higher-order function
Imperative programming,Performance tuning
Rendering (computer graphics),Automated theorem proving
Unix,Control flow
Combinational logic,Lazy evaluation
Least squares,Arithmetic logic unit
Cluster analysis,Theoretical computer science
List of undecidable problems,Polynomial
C (programming language),Model of computation
Artificial intelligence,Random variable
Monad (functional programming),Randomization
Linear programming,Multiplication
Monte Carlo method,Computer network
Support vector machine,Robot
Atomicity (database systems),Cluster analysis
Computer animation,Motion planning
Communications protocol,Cloud computing
Probability theory,Scope (computer science)
Database,Embedded system
Sequence alignment,Computational science
Performance tuning,Multiplication
Functional programming,Decision theory
Modular arithmetic,Database transaction
Neural network,Web browser
Graph (mathematics),Parametric polymorphism
PageRank,Application software
Virtual reality,Haskell (programming language)
Foundations of mathematics,Mathematics
Signal processing,Semantics
PageRank,Analysis of algorithms
Recursion (computer science),Model of computation
Formal grammar,Traffic analysis
Polymorphism (computer science),Randomization
Stochastic process,Interface (computing)
"Best, worst and average case",Robot
Arithmetic,Prolog
Model checking,Computer graphics
Mathematical model,Data type
Wireless sensor network,Calculus
Entropy,Analysis of algorithms
Probability theory,Algorithm design
Cryptanalysis,Server (computing)
Graph coloring,Superscalar
Packet switching,Symmetric multiprocessing
Feature extraction,Lisp (programming language)
Symmetric multiprocessing,Concurrency control
Peer-to-peer,Lock (computer science)
Multi-core processor,Document classification
Database management system,Communication
Java (programming language),Distributed computing
Differential equation,SQL
Model checking,Atomicity (database systems)
MapReduce,Entropy
Computer,Dynamic memory allocation
Data analysis,Human-computer interaction
Undecidable problem,Stochastic
Hidden Markov model,B-tree
Markov process,Recommender system
Automated planning and scheduling,String searching algorithm
Cryptography,Predicate logic
Computer graphics,Autonomous robot
Shared memory,Firewall (computing)
Pattern matching,Mathematical proof
Dynamic programming,Formal grammar
Generic programming,Information assurance
Hidden Markov model,Monad (functional programming)
Cloud computing,Recursion (computer science)
MATLAB,Encryption
Virtual reality,Semantics of programming languages
Memory hierarchy,Relational model
Java (programming language),Integer
Functional programming,Atomicity (database systems)
Machine learning,Generic programming
Calculus,Expected value
Computer vision,Processor register
Social network,Matrix (mathematics)
Web search engine,Haskell (programming language)
Prediction,Virtual reality
Tensor,Mutual exclusion
Relational algebra,Random variable
Ray tracing (graphics),Interaction design
Atomicity (database systems),Virtual reality
System call,Index (database)
Abstraction (computer science),Lazy evaluation
Mathematical induction,Thread (computer science)
Interaction design,Computer graphics
Image analysis,Conditional probability
Computational learning theory,Complexity class
Relational algebra,Generic programming
Message Passing Interface,MapReduce
hypothesis testing,Computer programming
Approximation,Continuous function
Random graph,Poisson distribution
Object-oriented programming,Symmetric multiprocessing
Random variable,Least squares
First-order logic,Big data
Logic programming,Polymorphism (computer science)
Lexical analysis,Probability
Uncertainty,Approximation algorithm
Random graph,Graphical user interface
Round-off error,Sufficient statistic
Correlation and dependence,Combinatorics
Distributed algorithms,Rendering (computer graphics)
OSI model,Automated theorem proving
Numerical analysis,Cryptography
Control flow,Internet Protocol Suite
Amortized analysis,Boundary value problem
Linked list,Nonlinear system
Reinforcement learning,Procedural programming
Multiplication,Information assurance
Assembly language,File system
Data mining,Martingale (probability theory)
Computer programming,Operating system
Computation,Database management system
C++,Graphical user interface
Inference,Programming style
Kinematics,Sufficient statistic
Web search engine,List of undecidable problems
Database normalization,Formal methods
Formal grammar,Approximation algorithm
3D modeling,Programming language
Data mining,Robot
Motion planning,Program optimization
Sequence alignment,Image
Wireless sensor network,Coding theory
Deadlock,Part-of-speech tagging
Lock (computer science),Shared memory
PageRank,Prediction
Graphics,Suffix tree
Quantum cryptography,Peer-to-peer
3D modeling,Motion planning
Computer software,Design of experiments
Distributed computing,Cache coherence
Haskell (programming language),Formal verification
Index (database),Recursion
Shared memory,Stochastic
Authentication,Discrete mathematics
Complexity class,Randomization
Introduction to Algorithms,hypothesis testing
Information assurance,Feature extraction
Software engineering,Spanning tree
Bayesian network,Lazy evaluation
PageRank,Computer software
Number theory,Pattern recognition
Statistical inference,User interface
Kinematics,Estimation theory
Software engineering,Encryption
Message Passing Interface,Symmetric multiprocessing
Finite difference,Web browser
Higher-order function,3D computer graphics
Spanning tree,Natural language
Microcode,Hidden line removal
Computational complexity theory,Robot
Superscalar,Data type
Design of experiments,Amortized analysis
Continuous function,Theoretical computer science
Mathematical optimization,Formal verification
Automata theory,Scalability
Hidden Markov model,Coding theory
Undecidable problem,Run time (program lifecycle phase)
Ray tracing (graphics),Information theory
Computational problem,Undecidable problem
Virtual reality,3D modeling
Robotics,Database system
Programming paradigm,Calculus
Polynomial,Amortized analysis
Formal language,Concurrency control
Knowledge representation and reasoning,World Wide Web
Personal computer,String searching algorithm
Finite element method,Fixed point (mathematics)
Number theory,Computability
Probability theory,Floating point
Database management system,HTML
Geometry,Fixed point (mathematics)
Computer programming,Sufficient statistic
Programmer,OSI model
Machine translation,Database management system
Symbol table,First-order logic
Predicate logic,Data analysis
PageRank,Very long instruction word
Lexical semantics,Randomized algorithm
Computational problem,Finite element method
Query language,Denotational semantics
System programming,Parsing
Graphics,Context-free language
Programming paradigm,Index (database)
Suffix tree,Partial differential equation
ML (programming language),Very long instruction word
Computer multitasking,Interactivity
Computer multitasking,Information theory
Scientific modelling,Number theory
C++,Calculus of variations
Conditional probability,Visualization (computer graphics)
Computer architecture,Suffix tree
Operating system,Iterative method
Decision theory,Predicate logic
Database transaction,Computation
Gradient descent,String (computer science)
Programming paradigm,Program optimization
Syntax,Transaction processing
Recursion,Linked list
Computational chemistry,Mathematical optimization
Randomness,Pattern matching
Dynamic programming,3D computer graphics
Memory hierarchy,File system
Game theory,Control flow
Computer security,Web search engine
Automated theorem proving,Communication
Randomization,Concurrent computing
Bioinformatics,Social network
Amortized analysis,Conditional probability
Computer vision,Statistical inference
Cryptographic hash function,Relational algebra
Arithmetic,Statistical inference
Information security,Natural language processing
Application software,Web search engine
Stochastic process,Robotics
Queue (data structure),Information theory
Debugging,Formal methods
Machine learning,High-level programming language
Peer-to-peer,Firewall (computing)
Software engineering,User interface
Superscalar,Personal computer
Propositional calculus,Queue (data structure)
Software development,Packet switching
Random variable,Hidden line removal
Congestion control,Partial differential equation
Relational database,Visualization (computer graphics)
Hidden Markov model,Database system
Interaction design,Context-free grammar
Tensor,Garbage collection (computer science)
Quantum computer,Authentication
Data analysis,Polynomial
Lexical semantics,Large deviations theory
Computational science,Turing machine
Wavelet,Cache coherence
Big data,Python (programming language)
Cache coherence,Algorithm
File system,Embedded system
Functional programming,Interaction design
MATLAB,Database design
Approximation algorithm,Computer graphics
Halting problem,Expert system
Finite-state machine,Estimation theory
Congestion control,Pushdown automata
Computer architecture,Multiplication
Virtual reality,Hash table
Discrete mathematics,Social network
Integral,Decision theory
Part-of-speech tagging,Pattern matching
Continuous function,Abstract data type
Calculus of variations,Foundations of mathematics
Calculus of variations,Reason
Predicate logic,Functional programming
Computational complexity theory,Multiplication
Inequality (mathematics),Database normalization
Image processing,Approximation algorithm
Approximation algorithm,Robotics
CPU cache,Cryptographic hash function
Newton's method,Data type
Linear system,Telecommunications network
Sufficient statistic,Polynomial
Problem solving,Asymptotic analysis
Probability,Randomized algorithm
Flow network,Coding theory
Markov process,Context-free grammar
Image,Software engineering
Random walk,Index (database)
"Best, worst and average case",Debugging
Human-computer interaction,Cryptography
Recursion (computer science),Signal processing
Lock (computer science),Queue (data structure)
