-2IIWuAYeVQ,"Computer science, Unix, Operating system, Programmer, Authentication, System call, Scheduling (computing), Kernel (computing), Computer, C (programming language), Computing, Robot, Memory management, Queue (data structure), File system, HTML, Server (computing), Virtual memory, Inheritance (object-oriented programming), Web server, User interface, Web service, Debugging, Data (computing), Data, Shared memory, Thread (computer science), Graphics, Security, Communication, Synchronization, Reason, Interface (computing)"
-2hpoIjNSb4,"Variable (computer science), String (computer science), Internet, Object (computer science), Authentication, Computer, Graph (mathematics), HTML, Server (computing), Web server, Syntax, World Wide Web, Data (computing), Data, Reason, Image, Interface (computing)"
-4mLOLHSnMw,"Logic, Operating system, Programmer, Kernel (computing), C (programming language), Virtual memory, Instruction set, Debugging, Stack (data structure), Data (computing), Computation, Data, Reason, Arithmetic, Floating point"
-IbOdc46JFU,"Variable (computer science), Compiler, Algebra, Matrix (mathematics), Index (database), Operating system, Numerical analysis, Scheduling (computing), Computer, C (programming language), Linear algebra, Computing, Memory management, Multiplication, Computer architecture, Virtual memory, Data (computing), Computation, Data, Reason"
-_SHiJTOZDc,"Algorithm, Logic, Complexity, Operating system, Probability, Polynomial, Computer, C (programming language), Stack (data structure), Data (computing), Data, Expected value, Interface (computing)"
-jtic_EX3xM,"Combinatorics, Graph theory, C (programming language), Graph (mathematics), Integer, Reason"
-veRB2oClx4,"Algorithm, Complexity, NP (complexity), Internet, Polynomial, Packet switching, Routing, Scheduling (computing), Queue (data structure), Multiplication, Server (computing), Data (computing), Data, Approximation, Communication"
-zk6FlSADvQ,"Database, Object (computer science), Inheritance (object-oriented programming), Semantics, Data (computing), Data"
03fhijH6e2w,"String (computer science), Logic, Object (computer science), C (programming language), Mathematics, Fixed point (mathematics), Data (computing), Computation, Data, Approximation, Integer, Reason, Arithmetic, Floating point"
0HUU612UuXI,"Algorithm, Database, Software engineering, Control flow, Logic, Complexity, Operating system, Computer, Software testing, Graph (mathematics), Server (computing), Prediction, Data (computing), Data, Integer, Communication, Reason, Interface (computing), Floating point"
0IgOapAtauM,"Algorithm, Variable (computer science), Computer graphics, Geometric modeling, Geometry, Matrix (mathematics), Rendering (computer graphics), Programmer, Interpolation, Polynomial, Object (computer science), Computer, Computing, Multiplication, Approximation, Graphics, Reason"
0O-JGqUa1aM,"Algorithm, Dynamic programming, Inequality (mathematics), Complexity, Time complexity, Polynomial, Computing, Computation, Reason"
0XJPzek__nw,"Mathematical induction, Recursion (computer science), Interpolation, Polynomial, Recursion, Computer, C (programming language), Integral"
0lBdSoKh5L4,"Variable (computer science), Index (database), Complexity, Time complexity, C (programming language), Computing, Multiplication, Fast Fourier transform, Computation, Reason"
0xVl2_qvj1I,"Algorithm, Computer graphics, Geometry, Visualization (computer graphics), Matrix (mathematics), 3D modeling, Programming language, Rendering (computer graphics), Complexity, Pipeline (computing), Object (computer science), Image processing, Computer, C (programming language), Multiplication, Mathematics, Graphics, Image, Shading, Interface (computing)"
1-NW2fKIyLQ,"Graph theory, C (programming language), Graph (mathematics)"
1eUVC4bI7QE,"Algorithm, Object (computer science), C (programming language), Computing, Multiplication, Feature extraction, Integral, Data (computing), Data, Approximation, Integer, Reason, Image"
1foc4sbmQb8,"Computer graphics, Geometry, Visualization (computer graphics), Matrix (mathematics), Index (database), Programming language, Logic, Polynomial, Computer, C (programming language), Multiplication, Computer simulation, Mathematics, Data (computing), Computation, Data, Graphics"
1qOMlqE6LhU,"Lexical analysis, Parsing, String (computer science), Programming language, Undecidable problem, Finite set, Finite-state machine, Pushdown automata, C (programming language), Regular language, Multiplication, Syntax, Context-free grammar, Run time (program lifecycle phase), Stack (data structure), Integer, Reason, Context-free language, Arithmetic"
1vvOgSqDKpE,"Algorithm, Variable (computer science), Inequality (mathematics), Linear programming, Computing, Multiplication, Integer, Reason"
20J8lr0M1EY,"Visualization (computer graphics), Data structure, Computer, C (programming language), Computing, Data (computing), Data, Graphics, Reason, Lock (computer science)"
2Wm_zTKWw3U,"Algorithm, String (computer science), Index (database), Complexity, Pattern matching, Time complexity, Polynomial, Data structure, C (programming language), Regular language, Graph (mathematics), Stack (data structure), Data (computing), Data, Regular expression"
2Xp1c-Zw1zk,"Algorithm, Variable (computer science), Unix, Parsing, String (computer science), Programming language, Recursion (computer science), Programmer, Recursion, C (programming language), Syntax, Stack (data structure), Reason"
2idtvCcOna8,"Algorithm, Database, Geometry, Matrix (mathematics), Probability, Authentication, Pattern recognition, C (programming language), Graph (mathematics), Server (computing), Scalability, Feature extraction, Mathematics, Data (computing), Data, Reason, Image"
2y17L618vWs,"Natural language processing, Database, Parsing, Scope (computer science), Artificial intelligence, Machine translation, Signal processing, Speech recognition, SQL, Object (computer science), Data structure, C (programming language), Queue (data structure), Syntax, Semantics, Inference, Natural language, Data (computing), Data, Interface (computing)"
3LqwxAbOXpM,"Geometry, Visualization (computer graphics), Object (computer science), Computer, Robot, Mathematical model, Prediction, Integral, Data (computing), Computation, Data, Communication, Image, Interface (computing), Kinematics"
3Uxw7F75_-8,"Algorithm, Shortest path problem, Computational geometry, Geometry, Inequality (mathematics), Polynomial, Object (computer science), Data structure, Numerical analysis, Computer, Computing, Spanning tree, Graph (mathematics), Data (computing), Computation, Data, Reason"
3ye2OXj32DM,"Algorithm, Variable (computer science), Index (database), Complexity, Probability, Computer, Memory management, Memory hierarchy, Data (computing), Data"
4N14CdtvzqM,"Variable (computer science), Lexical analysis, Unix, Parsing, Compiler, String (computer science), Index (database), Programming language, Abstraction (computer science), Data type, Programmer, C (programming language), Multiplication, Syntax, Semantics, User interface, Mathematics, Context-free grammar, Data (computing), Data, Integer, Reason, Interface (computing)"
4Vy_bq1oWyg,"Matrix (mathematics), Object (computer science), Sparse matrix"
4kPPSWdKTBw,"Object (computer science), Computer, C (programming language), Mathematics, Graphics, Reason"
5c41KiZXh-M,"Combinatorics, Finite set, Object (computer science), C (programming language), Multiplication, Integer"
5pwc2DYlKQU,"Database, Software development, Software engineering, Matrix (mathematics), Logic, Scope (computer science), Object (computer science), Scheduling (computing), Data (computing), Data, Communication"
5uic4Y2T9mU,"Algorithm, Matrix (mathematics), Interpolation, Polynomial, Object (computer science), Computing, Data (computing), Data, Approximation, Interface (computing)"
5wRPin4oxCo,"Algorithm, Variable (computer science), String (computer science), Java (programming language), Computer, C (programming language), Computing, Data (computing), Data, Reason"
63M6vaCXQ3c,"Database, Cache coherence, Operating system, Computer, Data (computing), Computation, Data, Shared memory, Communication, Synchronization, Reason"
6CCwWCstDGc,"Algorithm, Variable (computer science), Logic, C (programming language), Reason"
6WLwtYLeaoM,"Algorithm, Variable (computer science), Matrix (mathematics), Programmer, Object (computer science), Graph coloring, C (programming language), Graph (mathematics), Multiplication, Stack (data structure), Computation, Reason"
6vcdaVuTDT0,"Algorithm, Complexity, Time complexity, Data structure, Routing, C (programming language), Queue (data structure), Data (computing), Computation, Data, Reason"
764m9ESzLvw,"Machine learning, Variable (computer science), Probability theory, Algebra, Logic, Probability, Computer, C (programming language), Computing, Graph (mathematics), Statistics, Bayesian, Inference, Data (computing), Computation, Data, Conditional probability, Reason, Uncertainty"
7LGmUi3xS0I,"Algorithm, Data structure, Computing, Queue (data structure), Data (computing), Data, Reason, Shading"
7P53AOKtVdQ,"Algorithm, Operating system, Programmer, Scheduling (computing), Integral, Run time (program lifecycle phase), Computation, Integer, Reason"
7aQgQGeZ_qo,"Image processing, Data (computing), Data, Image"
86gQZEJIjHw,"Algorithm, Matrix (mathematics), Index (database), Complexity, Time complexity, Data structure, Parallel algorithm, Data (computing), Data, Integer"
8BHpKzahwPM,"Variable (computer science), Parsing, String (computer science), Index (database), Programming language, Scope (computer science), Java (programming language), Operating system, Recursion (computer science), Programmer, Object (computer science), Data structure, Recursion, Lisp (programming language), C (programming language), Memory management, Garbage collection (computer science), Dynamic memory allocation, Run time (program lifecycle phase), Stack (data structure), Data (computing), Data, Integer, Reason, Floating point"
8I5rpAhYk4Y,"Algorithm, Computer science, Database, Computer graphics, Visualization (computer graphics), Complexity, Scope (computer science), Ray tracing (graphics), Pipeline (computing), Object (computer science), Computer, Virtual reality, Data (computing), Data, Approximation, Graphics, Reason, Image, Shading"
8NcBcsIdPSA,"Natural language processing, Algorithm, Database, String (computer science), Index (database), Pattern matching, Internet, Object (computer science), Computer, Graph (mathematics), HTML, Server (computing), Web server, World Wide Web, Natural language, Data (computing), Data, Image, Interface (computing)"
8PKHtRE2um0,"Algorithm, Variable (computer science), Unix, Programming language, Abstraction (computer science), Java (programming language), Operating system, System call, Computer, Computing, Memory management, Server (computing), Virtual memory, Instruction set, Prediction, Stack (data structure), Data (computing), Data, Security, Reason, Interface (computing)"
8QpDGVGml6M,"Algorithm, Index (database), Complexity, Scope (computer science), Graph theory, Linear programming, C (programming language), Computing, Queue (data structure), Graph (mathematics), Computation, Reason"
8XAvd2Ey2mQ,"Algorithm, Complexity, Recursion (computer science), Time complexity, Recursion, C (programming language), Computing, Computation, Reason"
8j4Z0IrS96Q,"Matrix (mathematics), C (programming language)"
8s4b8mYCMAE,"Algorithm, Programmer, Computing, Virtual memory, Data (computing), Computation, Data, Arithmetic"
8vRZi05VE3Q,"Algorithm, Variable (computer science), Index (database), C (programming language), Graph (mathematics), Computation, Graphics, Reason"
8z4zUjsZZrs,"Algorithm, Variable (computer science), Logic, Model checking, Data structure, C (programming language), Graph (mathematics), Data (computing), Data"
93PD9CqcZTg,"Algorithm, Mathematical induction, Variable (computer science), String (computer science), Complexity, Probability, Cryptanalysis, Scheduling (computing), C (programming language), Computing, Statistics, Data (computing), Data, Random variable, Approximation, Security"
94evBUo8EiE,"Geometry, Matrix (mathematics), Object (computer science), C (programming language), Multiplication"
9LHTQsDspjE,"Algorithm, Variable (computer science), Matrix (mathematics), Probability, Data structure, Routing, Linear programming, C (programming language), Graph (mathematics), Data (computing), Data, Integer, Reason"
9aZ9k_JjYGY,"Algorithm, String (computer science), Matrix (mathematics), Probability, Polynomial, Data (computing), Data, Communication, Reason"
A-cJBuwLUx8,"Compiler, String (computer science), Programming language, C (programming language), Reason"
A5ts_-xuxnA,"Parsing, String (computer science), C (programming language), Syntax, Stack (data structure), Reason"
ACTFY2k4Fhk,"Algorithm, Matrix (mathematics), Index (database), Polynomial, Computer, Computing, Multiplication, Integral, Computation, Approximation"
AKOWGChr9iA,"Algorithm, Programming language, Algorithm design, Recursion (computer science), Recursion, Computer, C (programming language), Data (computing), Data, Integer, Problem solving"
AMWwXjiTCRs,"Matrix (mathematics), Combinatorics, Computer, Integer, Reason, Image"
AN5I6fFxyfs,"Database, Software development, Software engineering, Logic, Complexity, Scope (computer science), Database design, Scheduling (computing), Computer, Graph (mathematics), User interface, Data (computing), Data, Reason, Uncertainty, Interface (computing)"
AOnQvbPbP4g,"Algorithm, Matrix (mathematics), Analysis of algorithms, Dynamic programming, Complexity, Algorithm design, Scope (computer science), Recursion (computer science), Data structure, Recursion, Graph (mathematics), Linked list, Data (computing), Data"
ATsAl_t52xY,"Algorithm, Database, Logic, Model checking, C (programming language), Syntax, Semantics, Formal methods, Data (computing), Data, Shared memory, Mutual exclusion"
AXgfeV568c8,"Distributed computing, Matrix (mathematics), Vector processor, Logic, Data type, Pipeline (computing), Image processing, Computer, C (programming language), Computing, Multiplication, Computer architecture, Instruction set, Mathematics, Data (computing), Computation, Data, Integer, Image, Combinational logic, Lock (computer science), Floating point"
BA1rnEMBjjQ,"Logic, C (programming language), Reason"
BF_ngWfgv3g,"Algorithm, Compiler, Index (database), Complexity, Pipeline (computing), Computer, Statistics, Prediction, Data (computing), Computation, Data, Approximation, Reason, Image, Problem solving, Floating point"
BKkpEjbD8xM,"Algorithm, Randomness, Variable (computer science), String (computer science), Cryptography, Complexity, Polynomial, C (programming language), Linear system, Statistics, Entropy, Data (computing), Data, Integer, Security, Communication, Synchronization, Reason, Encryption"
BM24sU2Xm7w,"Random graph, Variable (computer science), Probability theory, Inequality (mathematics), Probability, Graph theory, C (programming language), Graph (mathematics), Inference, Expected value, Random variable, Integer, Reason"
BmayUdDaDYM,"Database, Index (database), Data type, Java (programming language), Probability, Hash table, Data structure, C (programming language), Computing, Linked list, Abstract data type, Stack (data structure), Data (computing), Computation, Data, Integer, Reason, Arithmetic, Interface (computing)"
BnIlVgZbqV0,"String (computer science), Pushdown automata, C (programming language), Stack (data structure)"
Bwo2oD8cu68,"Variable (computer science), Parsing, Compiler, Programming language, Data type, Complexity, Scope (computer science), Recursion (computer science), Programmer, Object (computer science), Recursion, Lisp (programming language), C (programming language), Assembly language, Syntax, Semantics, Run time (program lifecycle phase), Stack (data structure), Data (computing), Computation, Data, Integer, Reason, Floating point"
CJQ9qrFo5ko,"Database, Software development, Software engineering, Matrix (mathematics), Scope (computer science), Scheduling (computing), Data (computing), Data, Communication"
CNu5RDittrE,"Algorithm, Computer science, Geometry, String (computer science), Formal language, Recursion (computer science), Turing machine, NP (complexity), Polynomial, Object (computer science), Recursion, Routing, Cryptanalysis, Computer, C (programming language), Computing, Robot, NP-complete, Stochastic, Graph (mathematics), Multiplication, Mathematics, Data (computing), Computation, Data, Reason, Automata theory, Encryption"
CeOV_tVo970,"Matrix (mathematics), Interpolation, C (programming language), Data (computing), Data, Approximation, Reason"
CnCFj4o_e9Q,"Index (database), Scope (computer science), Computer, C (programming language), Computing, Virtual memory, Memory hierarchy, Data (computing), Data, Integer, Reason"
CoBIpAZQYiA,"Algorithm, Computer graphics, Matrix (mathematics), Index (database), Logic, Complexity, Programmer, Computer, C (programming language), Approximation, Graphics, Image, Shading, Interface (computing)"
D-c7QCzEYy4,"Variable (computer science), Unix, Operating system, Pipeline (computing), Programmer, System call, Scheduling (computing), Computer, C (programming language), Computing, Queue (data structure), File system, Stack (data structure), Data (computing), Data, Integer, Reason, Image"
DNaJV4wqeWI,"Algebra, Matrix (mathematics), Index (database), C (programming language), Computing, Data (computing), Data"
DU7IZMciHJE,"Algorithm, Packet switching, Routing, Computer, C (programming language), OSI model, Congestion control, Data (computing), Data, Communication, Reason, Interface (computing)"
DoNqOcmlg9c,"Matrix (mathematics), Logic, Pipeline (computing), Scheduling (computing), C (programming language), Computation"
E7RMU8kqyd4,"Algorithm, Variable (computer science), Object (computer science), Data structure, C (programming language), Data (computing), Data, Integer"
ELp9ytLjupE,"Variable (computer science), Unix, Compiler, String (computer science), Index (database), Operating system, Interpolation, Perl, Computer, C (programming language), Server (computing), Syntax, Data (computing), Data, Integer, Regular expression, Reason"
EO4B_ykP8f8,"Algorithm, Variable (computer science), Probability, Internet, Application software, Authentication, Computer, Distributed algorithms, OSI model, Server (computing), Congestion control, Syntax, Data (computing), Data, Graphics, Security, Communication, Synchronization, Reason, Lock (computer science), Interface (computing)"
EUzsy3W4I0g,"Database, Relational database, Relational model, Operating system, Object (computer science), Database design, Computer, Computing, Queue (data structure), Database system, Server (computing), Integral, Data (computing), Data"
EbNJ05EVXs0,"Algorithm, Variable (computer science), Geometry, String (computer science), Programming language, Logic, Abstraction (computer science), Pattern matching, Calculus, Finite set, Object (computer science), Lisp (programming language), ML (programming language), Computer, C (programming language), Computing, Assembly language, Mathematics, Inference, Number theory, Data (computing), Computation, Data, Arithmetic, Lock (computer science)"
Ejpxgrv_9n8,"Algorithm, Geometry, Matrix (mathematics), Rendering (computer graphics), Ray tracing (graphics), Interpolation, Object (computer science), C (programming language), Computation, Image, Shading"
ExLO-_btIGM,"Algorithm, Variable (computer science), Matrix (mathematics), Inequality (mathematics), Scope (computer science), Linear programming, C (programming language)"
F41ED0tK4TA,"Algorithm, Matrix (mathematics), Index (database), Interpolation, Tensor"
FACJs5M1ypQ,"Geometry, Index (database), Polynomial, Computer, C (programming language), Mathematics, Integral, Data (computing), Data, Reason"
FE3RZsnn2Mo,"Pipeline (computing), Computing, Instruction set, Data (computing), Computation, Data"
FJNAokhimfg,"Algorithm, String (computer science), Index (database), Complexity, Probability, Pipeline (computing), Authentication, C (programming language), Entropy, Data (computing), Data, Integer, Security, Communication, Encryption"
FKA794QD2fI,"Variable (computer science), Lexical analysis, Compiler, String (computer science), Programming language, Symbol table, Abstraction (computer science), Scope (computer science), Recursion (computer science), Recursion, Lisp (programming language), ML (programming language), C (programming language), Semantics, Debugging, Run time (program lifecycle phase), Stack (data structure), Data (computing), Data, Reason"
FLg6PIIs6ko,"Variable (computer science), Logic, C (programming language), Graph (mathematics), Syntax, Semantics, Computation, Reason"
FO5XLAMh9E0,"Algorithm, Variable (computer science), Computer graphics, Logic, Computer, C (programming language), Iterative method, Graph (mathematics), Multiplication, Syntax, Graphics, Integer, Reason, Uncertainty, Arithmetic, Floating point"
FQWTa3XjyWg,"Algorithm, Dynamic programming, Complexity, Recursion (computer science), Polynomial, Data structure, Recursion, C (programming language), Queue (data structure), Graph (mathematics), Stack (data structure), Data (computing), Data, Integer, Problem solving"
G3OwDpYTJPE,"Variable (computer science), Compiler, String (computer science), Logic, Scope (computer science), Recursion (computer science), Programmer, Object (computer science), Recursion, Lisp (programming language), ML (programming language), C (programming language), Assembly language, Dynamic memory allocation, Graph (mathematics), Multiplication, Syntax, Semantics, Mathematics, Integral, Debugging, Natural language, Data (computing), Data, Integer, Reason, Floating point"
GE1YyJ4A_7w,"Variable (computer science), Index (database), Scope (computer science), Operating system, Programmer, Data structure, C (programming language), Memory management, Virtual memory, Data (computing), Data, Security, Reason"
GH8yBBC9n3Y,"Variable (computer science), Logic, Complexity, Scope (computer science), Graph theory, Predicate logic, Graph (mathematics), Syntax, Semantics, Inference, Reason"
GQvNv9uhmbw,"Algorithm, Computer science, Variable (computer science), Geometry, String (computer science), Matrix (mathematics), Complexity, Parallel computing, Turing machine, NP (complexity), Polynomial, Object (computer science), Computer, Model of computation, C (programming language), Computing, NP-complete, Graph (mathematics), Computation, Communication"
GiBG9_6w3hw,"Natural language processing, Database, Parsing, Scope (computer science), Artificial intelligence, Machine translation, Signal processing, Speech recognition, SQL, Object (computer science), Data structure, C (programming language), Queue (data structure), Syntax, Semantics, Inference, Natural language, Data (computing), Data, Interface (computing)"
GlobK-eWDSo,"Distributed computing, Compiler, Logic, Complexity, Parallel computing, Operating system, Internet, Application software, Routing, Scheduling (computing), Kernel (computing), Computer, Computing, Cloud computing, Economics, Computer architecture, Server (computing), Scalability, Symmetric multiprocessing, Data (computing), Computation, Data, Shared memory, Security, Communication, Reason, Image, Interface (computing)"
GpK36dizqEM,"Algorithm, Computer science, Variable (computer science), Compiler, Inequality (mathematics), Pipeline (computing), Scheduling (computing), Computer, C (programming language), Queue (data structure), Graph (mathematics), Multiplication, Data (computing), Computation, Data, Reason"
GxSCRLF37z4,"Algorithm, Object (computer science), Computer, Graphics, Image"
GzpaDTbXMiQ,"Computer graphics, Algebra, Geometry, Matrix (mathematics), Signal processing, Programmer, Computer, Data (computing), Data, Graphics, Reason, Image"
H00_PVX2bRw,"Variable (computer science), Internet, Computer, C (programming language), Data (computing), Data, Security, Communication, Synchronization, Reason, Encryption"
H8KqNxET-XA,"Logic, Pipeline (computing), Computing, Data (computing), Computation, Data, Communication, Reason, Image"
HNtNeyOVh38,"Algorithm, Index (database), Logic, Recursion (computer science), Interpolation, Polynomial, Recursion, Computer, C (programming language), Integral, Reason"
HshE44J_-rY,"Variable (computer science), Compiler, Programming language, Symbol table, Logic, Scope (computer science), Java (programming language), Recursion (computer science), Object (computer science), Data structure, Recursion, Functional programming, C (programming language), Garbage collection (computer science), Run time (program lifecycle phase), Stack (data structure), Data (computing), Computation, Data, Integer, Reason"
IBL9MqvpPlM,"Database, Variable (computer science), Matrix (mathematics), Scope (computer science), Probability, Internet, Object (computer science), Computer, Data (computing), Data, Communication, Uncertainty"
ILyRgG9Rs0U,"Algorithm, Pipeline (computing), Scheduling (computing), C (programming language), Memory management, Multiplication, Microcode, Instruction set, Prediction, Stack (data structure), Data (computing), Data, Integer, Arithmetic, Interface (computing), Floating point"
IPlP2R7l-Nc,"Variable (computer science), Software development, Compiler, Concurrency (computer science), Geometry, Matrix (mathematics), Logic, Abstraction (computer science), Scope (computer science), Parallel computing, Java (programming language), Operating system, Internet, Pipeline (computing), Object (computer science), Software design, Kernel (computing), C (programming language), Computing, Server (computing), Inheritance (object-oriented programming), Semantics, Web service, Data (computing), Data, Shared memory, Security, Communication, Synchronization, Design pattern (computer science), Interface (computing)"
IRbggk6J0TA,"Graph theory, C (programming language), Graph (mathematics)"
IqdSdbxrTsY,"Algorithm, Geometry, Complexity, Data structure, C (programming language), Graph (mathematics), Data (computing), Data"
JRsN4Oz36QU,"C (programming language), Reason"
K-_-eGcAJGc,"Matrix (mathematics), Inequality (mathematics), Linear programming, Approximation, Reason"
K6SqhPqL6fY,"Algebra, Matrix (mathematics), Combinatorics, Recurrence relation, Polynomial, C (programming language), Linear algebra"
KHGxigA8Jko,"Variable (computer science), Computer network, Internet, Routing, Computer, C (programming language), Congestion control, Data (computing), Computation, Data, Graphics, Communication, Synchronization, Reason, Image, Interface (computing)"
KTn2LVhQmf0,"Variable (computer science), Geometric modeling, Geometry, Interpolation, Computer, C (programming language), Approximation"
KTySRjpj2ss,"Algorithm, Probability theory, Matrix (mathematics), Probability, NP (complexity), Polynomial, Computer, C (programming language), Computing, Approximation algorithm, Graph (mathematics), Statistics, Stack (data structure), Data (computing), Data, Approximation, Security"
KiA8BnstHLQ,"Matrix (mathematics), Polynomial, C (programming language), Computation, Communication, Reason"
Km45DNEa9mI,"String (computer science), C (programming language), Graph (mathematics), Regular expression, Reason"
Kn5ipjXJvpQ,"Algorithm, Variable (computer science), Index (database), Logic, C (programming language), Computing, Multiplication, Computation, Approximation, Reason, Arithmetic, Floating point"
KwMB-JP74YE,"Algorithm, Variable (computer science), Control flow, C (programming language), Graph (mathematics), Semantics, Computation, Reason"
L2oWDL3Msaw,"Algorithm, Profiling (computer programming), Compiler, Geometry, Pipeline (computing), Polynomial, Computer, C (programming language), Approximation algorithm, Computer architecture, Instruction set, Statistics, Data (computing), Data, Approximation, Graphics, Security, Communication, Reason, Arithmetic"
LHgp0w8wV78,"Variable (computer science), Profiling (computer programming), Abstraction (computer science), Complexity, Operating system, Object (computer science), Scheduling (computing), Computer, Computing, File system, Personal computer, Integral, Stack (data structure), Data (computing), Data, Image"
LJpwQ2da8ss,"Algorithm, Computer science, Variable (computer science), Arithmetic logic unit, Compiler, Logic, Internet, Programmer, Computer, C (programming language), Computing, Instruction set, Integral, Stack (data structure), Data (computing), Computation, Data, Approximation, Integer, Communication, Reason, Arithmetic, Floating point"
LQHKz1jcARY,"Variable (computer science), Compiler, Logic, Pipeline (computing), Scheduling (computing), C (programming language), Multiplication, Integer, Reason, Microprocessor, Floating point"
LRGpZI_qPSk,"Variable (computer science), Matrix (mathematics), Index (database), Routing, C (programming language), Data (computing), Data, Communication"
LiSEdc9RpLU,"Variable (computer science), Combinatorics, Graph theory, Graph coloring, Graph (mathematics), Inference, Integer"
MKrhoMK7Mn0,"Logic, Operating system, System call, C (programming language), Queue (data structure), File system, Data (computing), Data, Lock (computer science), Interface (computing)"
MPoMnU2aGhk,"Combinatorics, Recurrence relation, Calculus, C (programming language), Multiplication, Image"
MViI7GPG9xo,"Algorithm, Matrix (mathematics), Computing, Multiplication, Data (computing), Computation, Data, Graphics, Integer, Reason"
MmCppLiUb-k,"Algorithm, Variable (computer science), Compiler, Control flow, Abstraction (computer science), Inequality (mathematics), Scope (computer science), C (programming language), Computing, Graph (mathematics), Semantics, Run time (program lifecycle phase), Data (computing), Computation, Data, Approximation"
Nf08BQbZHMQ,"Algorithm, Central processing unit, Complexity, Java (programming language), Operating system, Internet, Programmer, Scheduling (computing), Kernel (computing), Computer, Memory management, Server (computing), Virtual memory, Scalability, Web server, Message passing, Stack (data structure), Data (computing), Computation, Data, Shared memory, Thread (computer science), Communication, Synchronization, Reason"
NpDIRrrXd-Y,"Algorithm, Variable (computer science), Profiling (computer programming), Compiler, String (computer science), Logic, Complexity, Operating system, Probability, Pipeline (computing), Programmer, Image processing, Software design, Computer, C (programming language), Computing, Computer architecture, Server (computing), Instruction set, Statistics, Prediction, Integral, Run time (program lifecycle phase), Stack (data structure), Data (computing), Computation, Data, Thread (computer science), Integer, Communication, Reason, Image, Arithmetic, Floating point"
OAOGY8wZOjI,"Variable (computer science), String (computer science), Index (database), Java (programming language), Internet, Web browser, Object (computer science), JavaScript, HTML, Server (computing), Web server, Syntax, Data (computing), Data, Integer, Security, Image"
OBp8klRZdDw,"Algebra, Matrix (mathematics), Inequality (mathematics), Graph theory, Linear algebra, Graph (mathematics), Reason"
OC7wDFnCimw,"Algorithm, Complexity, Programmer, Scheduling (computing), C (programming language), Computing, Queue (data structure), Integral, Run time (program lifecycle phase), Approximation, Integer, Reason"
OI4cYnHCHu4,"Algorithm, Variable (computer science), Routing, C (programming language), Computing, Data (computing), Computation, Data, Approximation, Synchronization, Reason"
OPqJv609aIc,"Logic, Complexity, Data (computing), Data"
OU3jI8j7Ozw,"Algorithm, Database, Complexity, Pipeline (computing), Programmer, Data structure, Scheduling (computing), Superscalar, Multiplication, Prediction, Memory hierarchy, Data (computing), Computation, Data, Reason, Floating point"
OkncKzflw8I,"Variable (computer science), Recursion (computer science), Interpolation, Polynomial, Recursion, C (programming language), Approximation, Reason"
PGfG-DPosCA,"Algorithm, Variable (computer science), Computer graphics, Logic, Data structure, Computer, C (programming language), Computing, Graph (mathematics), Multiplication, Data (computing), Data, Graphics, Integer, Reason, Arithmetic, Floating point"
PfCkp4X2gV0,"Variable (computer science), String (computer science), Index (database), Logic, Scope (computer science), Routing, C (programming language), Queue (data structure), File system, Syntax, Data (computing), Data, Reason"
PoqDab1JhZY,"Logic, Probability, Signal processing, Computer, C (programming language), Multiplication, Data (computing), Computation, Data, Reason, Arithmetic, Microprocessor"
PpB5D5yI1QY,"Database, Logic, Data (computing), Data"
Ptds1GWxfFM,Integral
Pu_ZzCKw1VQ,"Algorithm, Interpolation, Polynomial, Computing, Computation"
Q7hlcuCGbxE,"Algorithm, Variable (computer science), Compiler, Control flow, Recursion (computer science), Recursion, Computer, C (programming language), Computing, Queue (data structure), Graph (mathematics), Syntax, Semantics, Computation, Reason"
Q7pb3EectLo,"Algorithm, Computer science, Inequality (mathematics), Probability, Polynomial, Numerical analysis, Image processing, Linear programming, Computer, Approximation, Graphics, Reason, Image, Lock (computer science)"
QEtWL4lWlL4,"Database, Programming language, Computer, C (programming language), HTML, Server (computing), Web server, Data (computing), Data, Reason, Image, Interface (computing)"
QQHlZGDpVyA,"Geometric modeling, Geometry, Index (database), Ray tracing (graphics), Recursion (computer science), Pipeline (computing), Object (computer science), Data structure, Recursion, C (programming language), Debugging, Data (computing), Computation, Data, Image"
Qab0d7rwWhI,"Algorithm, Database, Concurrency (computer science)"
QbczPuEphUY,"Algorithm, Matrix (mathematics), Cryptography, Logic, Information theory, Network security, Object (computer science), Scheduling (computing), Computer, C (programming language), Data (computing), Data, Integer, Security, Communication, Encryption"
QhKIaK4ReUA,"Algorithm, Complexity, Coding theory, Computer, C (programming language), OSI model, Data (computing), Data, Communication, Synchronization, Reason, Interface (computing)"
QmoD_ELFMgo,"Unix, Compiler, Scope (computer science), Inter-process communication, Operating system, Embedded system, Internet, Data structure, System call, Perl, Scheduling (computing), Kernel (computing), C (programming language), Computing, Memory management, Assembly language, Queue (data structure), File system, Server (computing), Virtual memory, Web server, User interface, Message passing, Debugging, Stack (data structure), Data (computing), Data, Graphics, Communication, Reason, Interface (computing)"
QnyLvrVbpTE,"Integral, Reason"
R36g6qit1bE,"Algorithm, Spanning tree, Graph (mathematics), Integer"
RR6Ben6qVnE,"Algorithm, Graphical user interface, Computer network, Index (database), Internet, Web browser, Object (computer science), Routing, Scheduling (computing), Computer, Queue (data structure), Server (computing), Scalability, Web server, Congestion control, Statistics, Semantics, User interface, Interactivity, Integral, Data (computing), Data, Synchronization, Reason, Interface (computing)"
RkAE4zE4uSE,"Arithmetic logic unit, String (computer science), Logic, Computer, C (programming language), Multiplication, Instruction set, Mathematics, Digital electronics, Integer, Reason, Arithmetic, Floating point"
RlQYb3FZtQ8,"Logic, Pipeline (computing), C (programming language), Queue (data structure), Data (computing), Data, Reason, Combinational logic"
Rzl13ESnVWY,"Compiler, Logic, Complexity, Scope (computer science), Pipeline (computing), Scheduling (computing), Data (computing), Data, Reason, Floating point"
S47aSEqm_0I,"Algorithm, Computer science, Geometry, Index (database), Programming language, Data type, Algorithm design, Artificial intelligence, Recursion (computer science), Programmer, Object (computer science), Recursion, Computer, C (programming language), Linked list, Natural language, Data (computing), Data, Problem solving"
S8qwzHUiRoE,"Algorithm, Randomness, Computer graphics, Robotics, Geometry, Visualization (computer graphics), 3D modeling, Rendering (computer graphics), Image analysis, Complexity, Ray tracing (graphics), Signal processing, Finite set, Pipeline (computing), Interpolation, Object (computer science), Image processing, Kernel (computing), Computer, Robot, Interactivity, Motion capture, Virtual reality, Data (computing), Data, Continuous function, Graphics, Communication, Image, Shading"
SDllHfhXZmQ,"Algebra, Geometry, Matrix (mathematics), C (programming language), Multiplication, Computation"
SO-oXQgvJt4,"Algorithm, Logic, Complexity, Probability, Recursion (computer science), Recursion, C (programming language), Halting problem, Graph (mathematics), Inference, Reason"
SP5JZXBIQ9c,"Algorithm, Variable (computer science), C (programming language), Computing, Graph (mathematics), Computation, Reason"
SWs4P1VlBbQ,"Algorithm, Variable (computer science), Stochastic process, Complexity, Scope (computer science), Internet, Routing, Scheduling (computing), C (programming language), Computing, Stochastic, Graph (mathematics), Integral, Run time (program lifecycle phase), Data (computing), Computation, Data, Communication, Reason"
SgXOXg6gYHw,"Database, Variable (computer science), Computer graphics, Index (database), Rendering (computer graphics), Signal processing, Coding theory, Internet, Object (computer science), Image processing, Computer, C (programming language), Entropy, Mathematics, Integral, Data (computing), Data, Graphics, Reason, Image, Shading"
TNIaPKDu678,"Variable (computer science), String (computer science), Index (database), Java (programming language), Perl, C (programming language), Syntax, Data (computing), Data, Regular expression"
TS2odp6rQHU,"Graphical user interface, Computer network, Artificial intelligence, Operating system, Computer, Computing, Assembly language, Graph (mathematics), User interface, Data (computing), Data, Graphics, Reason, Microprocessor, Interface (computing)"
TVYgu5tXlX4,"C (programming language), Integral"
TWI19UruijI,"Concurrency (computer science), Logic, Computer, Assembly language, Data (computing), Data"
TbRVJKDC1rM,"Algorithm, String (computer science), Cryptography, Authentication, Cryptanalysis, C (programming language), Computing, Server (computing), Data (computing), Computation, Data, Security, Communication, Reason, Vulnerability (computing), Encryption"
TbvhGcf6UJU,Reason
TdtFxXo2zpg,"Matrix (mathematics), Index (database), Combinatorics, Probability, Graph theory, C (programming language), Graph (mathematics), Data (computing), Data"
TfkPs9VvPrY,"Algorithm, Geometry, Index (database), Recursion (computer science), Recursion, C (programming language), Spanning tree, Graph (mathematics), Approximation, Reason"
ThnCx4MTVNw,"Algorithm, Database, Index (database), Cryptography, Probability, Authentication, Graph (mathematics), Scalability, Feature extraction, Data (computing), Data, Security, Image, Encryption"
TiwvPlTSqss,"Algorithm, Variable (computer science), Compiler, Control flow, Formal language, Logic, Compiler optimization, C (programming language), Computing, Graph (mathematics), Multiplication, Formal verification, Debugging, Data (computing), Computation, Data, Synchronization, Reason"
TkCYBNUCpnA,"Algorithm, Variable (computer science), Control flow, Scope (computer science), C (programming language), Computing, Graph (mathematics), Data (computing), Computation, Data, Reason"
TrlqZ_cIKhw,"Algorithm, Probability, NP (complexity), Internet, Finite set, Randomized algorithm, Polynomial, Computing, Approximation, Randomization"
U8C48-lCa8g,"Compiler, Logic, Pipeline (computing), Programmer, Data structure, Scheduling (computing), Computer, C (programming language), Computing, Queue (data structure), Multiplication, Instruction set, Prediction, Data (computing), Data, Integer, Reason, Floating point"
U8fLEJREP44,"Algorithm, Geometry, Probability, Recursion (computer science), Data structure, Recursion, Computing, Data (computing), Computation, Data, Reason"
UYv36HV3Sng,"Arithmetic logic unit, Index (database), Logic, Central processing unit, Computer, C (programming language), Instruction set, Fixed point (mathematics), Data (computing), Data, Arithmetic, Floating point"
UiZE1-wlb4o,"Matrix (mathematics), Polynomial, C (programming language), Linear system, Mathematics, Data (computing), Data"
Um0v5t8jjcQ,"Variable (computer science), Compiler, Control flow, Index (database), Logic, Inequality (mathematics), Complexity, Operating system, Computer, Computing, Assembly language, Multiplication, Instruction set, Stack (data structure), Data (computing), Computation, Data, Arithmetic, Microprocessor, Floating point"
V4mP2pQyou0,"Computer vision, Computer graphics, Geometry, Visualization (computer graphics), Index (database), Rendering (computer graphics), Scope (computer science), Pipeline (computing), Object (computer science), Computer, Scientific visualization, Virtual reality, Data (computing), Data, Graphics, Reason, Image, Shading, Interface (computing)"
VA4kWwJc9Uo,"Variable (computer science), Parsing, Compiler, String (computer science), Pattern matching, C (programming language), Syntax, Regular expression, Reason"
VIQ5jto-nUA,"Algorithm, Variable (computer science), Compiler, Control flow, Vector processor, Pipeline (computing), Programmer, Scheduling (computing), Kernel (computing), Superscalar, C (programming language), Computing, Graph (mathematics), Semantics, Data (computing), Computation, Data, Thread (computer science), Integer, Reason, Floating point"
VIQCMDouxKo,"String (computer science), Matrix (mathematics), Combinatorics, Recurrence relation, Object (computer science), Multiplication, Mathematics"
VSA_zJVDuWk,"Object (computer science), Integral, Reason, Arithmetic"
VYqHjvWQRec,"Algorithm, Index (database), Logic, Scheduling (computing), Computing, Data (computing), Computation, Data, Reason"
VcO3ja6WS2E,"Algorithm, Programmer, Memory hierarchy, Data (computing), Data, Arithmetic"
VmnzH3GZiKw,"Matrix (mathematics), Inequality (mathematics), Graph theory, C (programming language), Graph (mathematics), Integer, Communication"
VugQE-SRHa0,"Graph theory, C (programming language), Graph (mathematics), Integer"
VyeLZQ7cZmI,"Variable (computer science), C (programming language), Reason"
WHWEHwcSI8E,"Algorithm, Variable (computer science), Inequality (mathematics), Linear programming, C (programming language), Computation"
WdqdebPmPuQ,"Variable (computer science), Software development, Cache coherence, Compiler, Complexity, Operating system, Kernel (computing), C (programming language), Memory management, Server (computing), Scalability, Symmetric multiprocessing, Data (computing), Computation, Data, Shared memory, Thread (computer science), Communication, Reason"
WnTQTSvpmOs,"Variable (computer science), Matrix (mathematics), Inequality (mathematics), Object (computer science), C (programming language), Reason"
X0oVLO5huc0,"Combinatorics, Object (computer science), C (programming language), Multiplication, Server (computing), Reason, Image"
XRaDIbBAb98,"Random graph, Algorithm, Randomness, Variable (computer science), Probability theory, Inequality (mathematics), Probability, Graph theory, C (programming language), Spanning tree, Graph (mathematics), Random variable, Integer, Reason"
XZ8vB81-tV8,"Variable (computer science), Programming language, Scope (computer science), Recursion (computer science), Finite set, Object (computer science), Recursion, Lisp (programming language), ML (programming language), Model of computation, Assembly language, Formal grammar, Semantics, Computation"
Xg7BhVHXqLo,"Algorithm, Variable (computer science), Matrix (mathematics), Index (database), Logic, Data type, Complexity, Polynomial, Cryptanalysis, Scheduling (computing), C (programming language), Computing, Multiplication, Data (computing), Computation, Data, Security, Reason, Encryption"
Xk-MTgB68rQ,"Algorithm, Parsing, Compiler, String (computer science), Programming language, C (programming language), Reason"
Y3z_ywZlPkg,"C (programming language), Approximation, Integer, Reason"
YGnJyipLKrM,"Variable (computer science), Compiler, Index (database), Logic, Complexity, C (programming language), Computing, Assembly language, Graph (mathematics), Instruction set, Integral, Stack (data structure), Data (computing), Computation, Data, Integer, Reason, Arithmetic, Floating point"
YSr5zmVqZLI,"Algorithm, String (computer science), Index (database), Probability, Turing machine, C (programming language)"
YZ6ij0EUmKY,"Variable (computer science), Programming language, Recursion (computer science), Recursion, C (programming language), Computing, Stack (data structure), Data (computing), Computation, Data, Integer, Problem solving"
YZ_z2mE_6Vs,"Algorithm, Variable (computer science), Scheduling (computing), Linear programming, Computer, Computation, Integer, Reason"
Yamz14tjcxQ,"Algorithm, Inequality (mathematics), C (programming language), Graph (mathematics), Flow network, Integral, Reason"
ZD3Ai0BHYAQ,"Graph theory, C (programming language), Graph (mathematics), Integer"
ZJLWP103fKw,"Algorithm, Database, Variable (computer science), Logic, Artificial intelligence, Pattern matching, Data structure, Computer, C (programming language), Prolog, Graph (mathematics), Syntax, Inference, Expert system, Data (computing), Data, Uncertainty"
ZKBLirP5jo8,"Parallel computing, Pipeline (computing), Computer, Computing, Mathematical model, Prediction, Data (computing), Computation, Data, Shared memory, Communication, Arithmetic"
ZPPjW4mqI8I,"Variable (computer science), Calculus, Polynomial, C (programming language), Integral, Integer, Reason"
ZPQqmocI2kI,"Variable (computer science), Index (database), Scheduling (computing), C (programming language), Computing, Syntax, Semantics, Data (computing), Data, Thread (computer science), Synchronization, Reason"
ZUPE7YEaXbk,"Unix, Operating system, Scheduling (computing), Computer, Syntax, Computation, Reason, Mechanical engineering"
ZfB5I0wmu1s,"Geometry, Matrix (mathematics)"
Zsr8kODwr08,"Signal processing, Computer, Computing, Instruction set, Syntax, Data (computing), Data, Graphics, Microprocessor, Interface (computing)"
_45M-dO99-M,"Algorithm, Variable (computer science), Probability, C (programming language), Computing, Graph (mathematics), Message passing, Computation"
_Pvu1599vFU,"Variable (computer science), Unix, Compiler, Index (database), Operating system, Object (computer science), System call, Computer, C (programming language), Computing, Memory management, Virtual memory, Instruction set, Data (computing), Data, Reason, Image, Interface (computing)"
_SxlpxqIs-s,"Algorithm, Shortest path problem, Unix, Operating system, Internet, Authentication, Routing, Computer, C (programming language), Graph (mathematics), Stack (data structure), Data (computing), Data, Security, Communication, Reason"
_ffzSGKgJcE,"Algebra, Geometry, Matrix (mathematics), Pipeline (computing), Object (computer science), Computer, C (programming language), Multiplication, Mathematics, Image, Arithmetic"
_i4wxceXNsI,"Algorithm, Index (database), Complexity, Time complexity, Pipeline (computing), C (programming language), Data (computing), Data, Reason"
a-Xerqadt6I,"Algorithm, Variable (computer science), Formal language, Logic, Complexity, Time complexity, Model checking, C (programming language), Iterative method, Graph (mathematics), Semantics, Mutual exclusion"
a5n8TMNbyrg,"Operating system, Programmer, Scheduling (computing), Computer, C (programming language), Integral, Run time (program lifecycle phase), Computation, Reason"
a6NJQ3AMcdo,"Algorithm, Computer science, Variable (computer science), Parsing, String (computer science), Programming language, Logic, Abstraction (computer science), Recursion (computer science), Finite set, Object (computer science), Recursion, Kernel (computing), Computer, C (programming language), Regular language, Semantics, Mathematics, Context-free grammar, Natural language, Reason, Context-free language"
ag4OdO6q5uc,"Variable (computer science), Matrix (mathematics), Inequality (mathematics), Linear programming, C (programming language), Stack (data structure), Continuous function"
ajdPLgNSAgk,"Algorithm, Variable (computer science), Complexity, Probability, Time complexity, Scheduling (computing), C (programming language), Multiplication, Mathematics, Integral, Data (computing), Computation, Data, Reason"
ayP5Ey-djgw,"Database, Software engineering, Scope (computer science), Object (computer science), Database design, Inheritance (object-oriented programming), Semantics, Data (computing), Computation, Data, Thread (computer science), Security, Communication, Interface (computing)"
b3OPl5wS4AQ,"String (computer science), Pushdown automata, Stack (data structure)"
bLzn6RhSb6I,"Algorithm, Computer science, Variable (computer science), Matrix (mathematics), Dynamic programming, Algorithm design, Recursion (computer science), Pipeline (computing), Graph theory, Data structure, Recursion, Graph coloring, Computer, C (programming language), Spanning tree, Graph (mathematics), Data (computing), Data, Reason, Problem solving"
bgHodJrPnAg,"Algorithm, Computer graphics, Complexity, Ray tracing (graphics), Pipeline (computing), Object (computer science), MATLAB, Computer, Multiplication, Mathematics, Virtual reality, Approximation, Graphics, Reason, Image, Shading"
bpB2rLqiiJU,"Algorithm, Variable (computer science), Compiler, Symbol table, Dynamic programming, Complexity, Programmer, C (programming language), Computing, Stack (data structure), Data (computing), Computation, Data, Reason"
buhZRdH58W0,"Algorithm, Computer science, Variable (computer science), Algebra, Programming language, Logic, Scope (computer science), Semantics of programming languages, Object (computer science), Functional programming, Imperative programming, Computer, C (programming language), Syntax, Semantics, Mathematics, Integral, Debugging, Computation, Integer, Reason"
c1Ou_yqXjoo,"Algorithm, Database, Atomicity (database systems), Concurrency (computer science), Concurrency control, Deadlock, Database management system, Scheduling (computing), Database system, Inheritance (object-oriented programming), Prediction, Data (computing), Computation, Data, Reason, Image, Lock (computer science), Database transaction"
c3OLRBt8TI4,"Algorithm, Variable (computer science), Dynamic programming, Algorithm design, Recursion (computer science), Recursion, C (programming language), Graph (mathematics)"
c59E5b0pcyw,"Algorithm, Computer graphics, Geometry, Visualization (computer graphics), Logic, Rendering (computer graphics), Complexity, Ray tracing (graphics), Pipeline (computing), Object (computer science), Image processing, Computer, C (programming language), Computing, Queue (data structure), Stochastic, Multiplication, Computation, Graphics, Integer, Image, Shading"
cIlKSD8ptAk,"Index (database), Operating system, Programmer, Data structure, Assembly language, Virtual memory, Instruction set, Stack (data structure), Memory hierarchy, Data (computing), Data, Interface (computing)"
cJ7hmwHVwtc,"Variable (computer science), String (computer science), Matrix (mathematics), Cryptography, Logic, Cryptanalysis, Mathematics, Integer, Security"
cNsHV9rsCzE,"Variable (computer science), Logic, Complexity, Probability, C (programming language), Multiplication, Integral, Data (computing), Computation, Data, Reason, Combinational logic"
cO5KrmSwhl4,"Rendering (computer graphics), Ray tracing (graphics), Object (computer science), Computing, Queue (data structure), Computation, Approximation, Image, Shading"
cOpYHlqis3o,"Algorithm, Parsing, Cryptography, Complexity, Probability, Time complexity, Polynomial, Authentication, C (programming language), Computing, Multiplication, Run time (program lifecycle phase), Data (computing), Data, Integer, Security, Reason, Encryption"
cP1fN6xf3nI,"Database, Variable (computer science), Unix, String (computer science), Index (database), Programming language, Scripting language, Java (programming language), Operating system, Perl, Computer, C (programming language), HTML, Server (computing), Web server, Syntax, Data (computing), Data, Security, Reason, Image, Interface (computing)"
cR4rxllyiCs,"Algorithm, Divide and conquer algorithm, Index (database), Complexity, Recursion (computer science), Time complexity, Recursion, Computing, Data (computing), Data, Randomization"
ceuXLsuZhLE,"Arithmetic logic unit, Logic, Instruction set, Data (computing), Data, Arithmetic"
cqmJoI4QwYg,"Randomness, Database, Rendering (computer graphics), Interpolation, Object (computer science), Computing, Stochastic, Motion capture, Data (computing), Computation, Data, Approximation, Image, Differential equation"
d0OxV2rA398,"Geometry, C (programming language), Reason, Interface (computing)"
d1DG-wHrlCs,"Inequality (mathematics), Data (computing), Data, Reason, Arithmetic"
d39tTuUbDVw,"Algorithm, Robotics, Complexity, Scope (computer science), Artificial intelligence, Internet, Neural network, Robot, Decision theory, Stochastic, Economics, Inference, Expected value, Reason, Image, Uncertainty"
dAOPcV8jMTo,"Algorithm, Matrix (mathematics), Index (database), Neural network, Gradient descent, Computing, Multiplication, Input/output, Mathematical model, Data (computing), Computation, Data, Reason, Differential equation"
dBeyFiabVIk,"Index (database), Data (computing), Data, Interface (computing)"
dGqsH-1EWmg,"Algorithm, Variable (computer science), Matrix (mathematics), Inequality (mathematics), Polynomial, Linear programming, Graph (mathematics), Integer"
dgyPeFemyL8,"Database, Scope (computer science), Pattern matching, Interpolation, Authentication, Pattern recognition, Computer, Computing, Graph (mathematics), Feature extraction, Data (computing), Data, Integer, Image, Arithmetic"
dkAr9ThdSUU,"Algorithm, Randomness, Variable (computer science), Index (database), Cryptography, Complexity, Information theory, Probability, Time complexity, Calculus, Cryptanalysis, C (programming language), Computing, Digital signature, Statistics, Linked list, Entropy, Data (computing), Computation, Data, Random variable, Approximation, Security, Conditional probability, Uncertainty, Encryption"
dwR1R-L9HEU,"Algorithm, Graph theory, C (programming language), Graph (mathematics), Integer, Reason"
eCAHcfA-2c8,"Algorithm, Index (database), Cryptography, Complexity, Cryptanalysis, Scheduling (computing), C (programming language), Data (computing), Data, Security, Reason, Encryption"
eGopmXP7j5A,"Geometric modeling, Robotics, Algebra, Matrix (mathematics), NP (complexity), Object (computer science), C (programming language), Multiplication, Virtual reality, Reason, Image"
eskFflL7Ny0,"Algorithm, Complexity, Operating system, Internet, Scheduling (computing), C (programming language), Robot, Queue (data structure), Integral, Computation, Reason"
fH4zUvUVXn8,"Programming language, Logic, Central processing unit, Complexity, Scope (computer science), Probability, Computer, C (programming language), Integral, Data (computing), Data, Communication, Combinational logic, Interface (computing)"
fJaPlsVIzio,"Database, Control flow, Scope (computer science), Application software, Object (computer science), Computing, Data (computing), Data, Interface (computing)"
fMJl01wbmWE,"Algorithm, Variable (computer science), Matrix (mathematics), Cryptography, Polynomial, Cryptanalysis, Computer, C (programming language), Multiplication, Fixed point (mathematics), Number theory, Data (computing), Computation, Data, Integer, Security, Communication, Reason, Arithmetic, Encryption"
fV2k2ivttL0,"Natural language processing, Computer vision, Computer science, Machine learning, Robotics, Algebra, Geometry, Logic, Complexity, Scope (computer science), Artificial intelligence, Machine translation, Probability, Internet, Calculus, Neural network, Lisp (programming language), Scheduling (computing), Computer, C (programming language), Computing, Robot, Decision theory, Economics, Mathematics, Prediction, Natural language, Data (computing), Computation, Data, Security, Reason, Image, Uncertainty, Problem solving"
frDyLjZva9M,"Algorithm, Variable (computer science), Compiler, Control flow, C (programming language), Computing, Graph (mathematics), Syntax, Data (computing), Data, Reason"
g28LSN0cCfw,"Variable (computer science), Index (database), Complexity, Operating system, Probability, Pipeline (computing), Computer, C (programming language), Computer architecture, Virtual memory, Prediction, Memory hierarchy, Data (computing), Data, Reason"
g6ZCpS7Farc,"Algorithm, Parsing, String (computer science), Index (database), Dynamic programming, Finite set, C (programming language), Computing, Syntax, Prediction, Stack (data structure), Computation, Synchronization, Reason"
gbOc1Hw5Ifc,"Algorithm, Matrix (mathematics), Complexity, Polynomial, Image processing, C (programming language), Data (computing), Data, Integer, Image, Arithmetic"
gkEJmMFKtzE,"Logic, Complexity, Probability, Computer, C (programming language), Data (computing), Computation, Data, Reason"
gmoC8xC4MGw,"Algorithm, Computer graphics, Algebra, Geometry, Visualization (computer graphics), Matrix (mathematics), Logic, Rendering (computer graphics), Ray tracing (graphics), Pipeline (computing), Object (computer science), Computer, C (programming language), Computing, Queue (data structure), Mathematics, Computation, Graphics, Integer, Image, Shading, Floating point"
gv1SKCt0vnc,"Algorithm, Inequality (mathematics), Data structure, C (programming language), Queue (data structure), Graph (mathematics), Data (computing), Data, Reason"
h9CxARIB8gY,"Algorithm, Matrix (mathematics), Routing, Graph (mathematics)"
hScleoVj0pw,"Variable (computer science), Logic, Data structure, Queue (data structure), File system, Syntax, Data (computing), Data"
hVPDals5HDE,"Unix, Index (database), Operating system, Data structure, Authentication, Computer, C (programming language), Computing, File system, Personal computer, Stack (data structure), Data (computing), Data, Reason, Encryption"
hY6lydCMQB0,"Algorithm, Variable (computer science), Complexity, Operating system, Time complexity, NP (complexity), C (programming language), Computing, Graph (mathematics), Run time (program lifecycle phase), Reason"
hfmK6Oc0QlU,"Operating system, Computer, C (programming language), Queue (data structure), Linked list, Memory hierarchy, Data (computing), Data"
hjVNKeVdKcs,"Index (database), C (programming language), Data (computing), Data, Security, Communication, Interface (computing)"
honXKsVP-wk,"Geometry, Index (database), Combinatorics, Recurrence relation, Polynomial, Object (computer science), C (programming language), Multiplication, Reason"
iEPU99cTzXo,"Algorithm, Matrix (mathematics), Recurrence relation, C (programming language), Computing, Multiplication, Computation, Reason"
iMJ1qWKmZXE,"Algorithm, String (computer science), Probability, Randomized algorithm, C (programming language), Computing, Computation, Security, Reason"
ifgs0uypC78,"Variable (computer science), Computer, Data (computing), Data, Security, Communication, Synchronization, Reason, Lock (computer science)"
ikSbPwwjpKw,"Matrix (mathematics), Fourier analysis, C (programming language), Multiplication, Integral"
jBUfYN5plOY,"Variable (computer science), Matrix (mathematics), Inequality (mathematics), Linear programming, C (programming language)"
jI_D3Bzf0u4,"Algorithm, Recursion (computer science), Object (computer science), Data structure, Recursion, Graph (mathematics), Statistics, Data (computing), Computation, Data, Graphics, Reason"
jK5Mh6d9HiE,"Unix, Operating system, Data structure, System call, Scheduling (computing), Computer, C (programming language), Computing, Memory management, Queue (data structure), Instruction set, Debugging, Stack (data structure), Data (computing), Data, Integer, Reason, Floating point"
jqhQx9U9kok,"Algorithm, Randomness, Rendering (computer graphics), Ray tracing (graphics), Recursion (computer science), Pipeline (computing), Object (computer science), Recursion, C (programming language), Computing, Stochastic, Computation, Graphics, Image, Interface (computing)"
k2ajK9uM0Co,"Matrix (mathematics), Object (computer science), C (programming language), Queue (data structure), Multiplication, Reason, Image"
kJBW4Lhz5f4,"Algorithm, Complexity, Probability, Object (computer science), Data structure, Linear programming, Computing, Graph (mathematics), Linked list, Data (computing), Data"
krsvQHIGhvc,"Algorithm, Database, Relational database, Software development, Software engineering, Control flow, Logic, Complexity, Scope (computer science), Object (computer science), Database design, Software design, C (programming language), Inheritance (object-oriented programming), Input/output, Data (computing), Data, Interface (computing)"
kubJIJMOS8I,"Algorithm, Inequality (mathematics), Graph theory, Spanning tree, Graph (mathematics)"
ky17zbYo4Rw,"Variable (computer science), Matrix (mathematics), Rendering (computer graphics), Pipeline (computing), Polynomial, C (programming language), Multiplication, Data (computing), Computation, Data, Approximation"
kyCibTQQQBE,"Algorithm, Variable (computer science), Logic, Inequality (mathematics), Complexity, NP (complexity), C (programming language), Graph (mathematics), Computation"
lECb8emmN0M,"Algorithm, String (computer science), Cryptography, Probability, Polynomial, Authentication, Cryptanalysis, C (programming language), Computing, Queue (data structure), Data (computing), Computation, Data, Integer, Security"
lNkhfuLjK3s,"Rendering (computer graphics), Ray tracing (graphics), Pipeline (computing), Interpolation, Object (computer science), C (programming language), Integral, Computation, Image, Shading"
lZJI_Fth66A,"Algorithm, Image processing, Computation, Reason, Image, Shading"
lmXil72qCiQ,"Index (database), Logic, NP (complexity), Internet, Computer, Integral, Data (computing), Data, Communication"
m31K9yGf_fQ,"System programming, Programming language, Java (programming language), Operating system, Embedded system, Internet, Scheduling (computing), Computer, C (programming language), Memory management, Dynamic memory allocation, File system, Statistics, Syntax, User interface, Debugging, Data (computing), Data, Graphics, Security, Synchronization, Reason, Microprocessor, Interface (computing), Encryption"
mAK9KklkRYY,"Logic, Programmer, Data (computing), Data, Reason"
mARX-dNTucY,"Variable (computer science), Concurrency (computer science), Programming language, Abstraction (computer science), Operating system, Programmer, Scheduling (computing), C (programming language), Assembly language, Server (computing), Syntax, Semantics, Data (computing), Computation, Data, Integer, Reason"
mMK-TlvH5c4,"Variable (computer science), Compiler, Programming language, Symbol table, Scope (computer science), Java (programming language), Recursion (computer science), Object (computer science), Data structure, Recursion, Functional programming, Lisp (programming language), C (programming language), Computing, Memory management, Garbage collection (computer science), Dynamic memory allocation, Linked list, Run time (program lifecycle phase), Stack (data structure), Data (computing), Computation, Data, Integer, Reason"
mRGQylRWAsI,"Recurrence relation, Data structure, C (programming language), Data (computing), Data, Integer"
mTQ6pZB62Lg,"Algorithm, Complexity, C (programming language), Computing, Data (computing), Computation, Data, Reason"
mZr0StOMam4,"Variable (computer science), Combinatorics, Object (computer science), Computer, C (programming language), Integral, Computation"
m_Eu74e9S_A,"Algorithm, Probability, NP (complexity), Genetic algorithm, Randomized algorithm, Graph theory, Data structure, Routing, Linear programming, C (programming language), Graph (mathematics), Data (computing), Data, Integer, Reason"
mabRepmXLGA,"Database, Software development, Software engineering, Object (computer science), Database management system, C (programming language), Syntax, Semantics, Data (computing), Data, Integer, Communication"
mb5wV4AqXso,"Algorithm, Variable (computer science), Programmer, Data structure, Computer, C (programming language), Computing, Message passing, Data (computing), Computation, Data, Integer, Communication, Synchronization, Reason, Lock (computer science), Mutual exclusion, Floating point"
myVbSSyZtr4,"Concurrency (computer science), Computer, Input/output, Integral, Data (computing), Data, Communication, Reason, Lock (computer science), Interface (computing)"
myr_VzA3tS8,"Variable (computer science), Unix, Compiler, Complexity, Scope (computer science), Operating system, Probability, System call, Scheduling (computing), Kernel (computing), Computer, Virtual memory, Inheritance (object-oriented programming), World Wide Web, Message passing, Debugging, Data (computing), Computation, Data, Thread (computer science), Communication, Synchronization, Arithmetic"
mzfVimVbguQ,"Variable (computer science), Unix, Data type, Operating system, Programmer, Object (computer science), System call, Computer, C (programming language), Computing, Message Passing Interface, Syntax, Message passing, Data (computing), Computation, Data, Shared memory, Integer, Communication, Synchronization, Reason, Interface (computing)"
nKGjVQWPf4w,"Algorithm, Computer science, Computational geometry, Geometry, Hash table, Object (computer science), Data structure, Computer, Data (computing), Computation, Data, Reason"
nRu270DVdTY,"Randomness, Variable (computer science), Logic, Probability, Polynomial, Scheduling (computing), Graph (mathematics), Data (computing), Data, Combinational logic"
nc1yivH1Yac,"Database, Relational model, Algebra, C (programming language), Computing, Data (computing), Data, Relational algebra"
ng1oliu806U,"Algorithm, Shortest path problem, Complexity, Time complexity, Computing, Graph (mathematics)"
o0MyjvrqdiQ,"Variable (computer science), Object (computer science), C (programming language), Finite element method, Integral, Approximation"
o4YvZfDjKRo,"Mathematical induction, Matrix (mathematics), Index (database), Interpolation, Polynomial, C (programming language), Computing, Mathematics, Data (computing), Data"
oCL8hrh95Uc,"Compiler, Operating system, Probability, Compiler optimization, Pipeline (computing), Scheduling (computing), Superscalar, Memory management, Queue (data structure), Virtual memory, Prediction, Data (computing), Computation, Data, Thread (computer science), Communication, Reason, Floating point"
oFOPRPufisk,"Variable (computer science), Recursion (computer science), Polynomial, Graph theory, Recursion, C (programming language), Graph (mathematics), Integer, Reason"
oPVj17gB7gY,"Algorithm, Matrix (mathematics), Dynamic programming, Complexity, C (programming language), Graph (mathematics), Multiplication, Problem solving"
ok-M86mjfAQ,"Algorithm, Robotics, Complexity, Data structure, C (programming language), Computing, Robot, Graph (mathematics), Motion planning, Data (computing), Data"
omuyzDmNaf4,"Unix, String (computer science), Scripting language, Java (programming language), Internet, Object (computer science), Perl, C (programming language), HTML, Server (computing), Web server, Reason, Image"
pGSwasYOv0o,"Algorithm, Database, Concurrency (computer science), Concurrency control, Scheduling (computing), Data (computing), Data, Synchronization, Reason, Lock (computer science), Mutual exclusion"
pGT6iJ_z5Vs,"Algebra, Logic, C (programming language), Multiplication, Computation, Reason, Arithmetic"
pW1kbWljsAk,"Algorithm, Logic, Scope (computer science), Object (computer science), Graph (mathematics), Inheritance (object-oriented programming), Linked list, Inference, Reason"
piuWSMLNeco,"Algorithm, Logic, Programmer, Computer, Instruction set, Data (computing), Data, Communication, Microprocessor"
pnunzdvezto,"Variable (computer science), Logic, Probability, Internet, Authentication, Peer-to-peer, C (programming language), Server (computing), Stack (data structure), Data (computing), Data, Graphics, Security, Communication, Reason, Interface (computing), Encryption"
pt-OOSSGezc,"Variable (computer science), Compiler, String (computer science), Index (database), Complexity, Pipeline (computing), Programmer, Object (computer science), Data structure, Computer, C (programming language), Multiplication, Instruction set, Integral, Stack (data structure), Data (computing), Computation, Data, Integer, Reason, Arithmetic, Floating point"
q6VbIk4ELAA,"Variable (computer science), Fourier analysis, C (programming language), Integral, Integer, Reason"
q9THx--fAFw,"Database, Firewall (computing), Compiler, String (computer science), Index (database), Scripting language, Java (programming language), Internet, Web browser, Perl, Computer, C (programming language), HTML, Server (computing), Web server, Syntax, World Wide Web, Stack (data structure), Data (computing), Data, Communication, Reason, Interface (computing)"
qAIpx8vKqPw,"Algorithm, Variable (computer science), Matrix (mathematics), Index (database), Inequality (mathematics), Complexity, Linear programming, C (programming language), Reason"
qC2hHLlxqPY,"Algorithm, Machine learning, Variable (computer science), Visualization (computer graphics), Scope (computer science), Neural network, Gradient descent, Computing, Robot, Graph (mathematics), Mathematics, Mathematical model, Data (computing), Computation, Data, Reason, Arithmetic"
qN3g4f2_Xas,"Machine learning, Variable (computer science), Geometry, Inequality (mathematics), Complexity, Probability, Object (computer science), Graph (mathematics), Motion planning, Data (computing), Data, Expected value, Reason, Randomization"
qhRq627zvow,"Algorithm, Logic, Rendering (computer graphics), Object (computer science), Mathematics, Image"
qpCvPS-WwGA,"Algorithm, Variable (computer science), Parsing, String (computer science), Complexity, Time complexity, Turing machine, NP (complexity), Polynomial, PSPACE, C (programming language), NP-complete, Graph (mathematics)"
rFqsuq66Gtc,"Algorithm, Computer graphics, Matrix (mathematics), Index (database), Rendering (computer graphics), Interpolation, Polynomial, Object (computer science), Data structure, Image processing, Computer, C (programming language), Multiplication, Tensor, Data (computing), Computation, Data, Graphics, Image, Shading"
rgf5vvhw0Vo,"Algorithm, Database, Data structure, Data (computing), Data"
rs84dWPEFGU,"Computer science, Variable (computer science), Logic, Probability, Discrete mathematics, Data structure, Computer, C (programming language), Robot, Graph (mathematics), Mathematics, Inference, Data (computing), Computation, Data"
ruClwamT-R0,"Logic, Abstraction (computer science), Internet, C (programming language), Computing, Computation, Reason"
ryKmxjqG_e0,"Variable (computer science), Computer graphics, Geometry, Visualization (computer graphics), Rendering (computer graphics), Object (computer science), Data structure, Computer, C (programming language), Virtual reality, Data (computing), Data, Approximation, Graphics, Shading"
s7u6Ti1MrmU,"Algorithm, Index (database), Complexity, Time complexity, Parallel algorithm, Computer, Data (computing), Data"
sCmsrSBJT8A,"Computer science, Variable (computer science), Cache coherence, Compiler, Programming language, Logic, Abstraction (computer science), Complexity, Operating system, Pipeline (computing), Programmer, Polynomial, Application software, Scheduling (computing), Computer, Computing, Cloud computing, Assembly language, Multiplication, Computer architecture, Virtual memory, Instruction set, Prediction, Data (computing), Data, Shared memory, Thread (computer science), Integer, Reason, Arithmetic, Interface (computing)"
sG6WGvzmVaw,"Computer science, Parsing, Probability, Internet, Packet switching, Routing, Computer, OSI model, Server (computing), Congestion control, Data (computing), Data, Security, Communication, Synchronization, Reason, Interface (computing), Encryption"
sx0UPzztC5o,"Algorithm, Logic, Probability, Packet switching, Computer, C (programming language), Congestion control, Data (computing), Data, Communication, Synchronization, Reason"
t7d2pbLidqU,"Variable (computer science), Combinatorics, Object (computer science), C (programming language), Multiplication, Integer, Communication"
tORLeHHtazM,"Unix, Inequality (mathematics), Data type, Object (computer science), Linear programming, C (programming language), File system, Linked list, Abstract data type, Data (computing), Data, Arithmetic, Interface (computing)"
tPcTenIPQm4,"Algorithm, Variable (computer science), Index (database), Cryptography, Complexity, Probability, Polynomial, Computing, Random variable, Integer, Security, Reason"
tnOOiSjTI8I,"Algorithm, Inequality (mathematics), Calculus, C (programming language), Continuous function, Integer"
uZlSDHHyzoQ,"Variable (computer science), Compiler, Symbol table, Scope (computer science), Finite set, C (programming language), Syntax, Semantics, Run time (program lifecycle phase), Stack (data structure), Data (computing), Data, Reason"
ubM-4lZLnJU,"Geometry, C (programming language), Integral, Reason"
uc9QZgWle8U,"Algorithm, Variable (computer science), Parsing, Compiler, String (computer science), Recursion (computer science), Recursion, Pushdown automata, C (programming language), Reason, Arithmetic"
ujT6nt_hHEc,"Algorithm, Computer graphics, Geometry, Visualization (computer graphics), Matrix (mathematics), Pipeline (computing), Object (computer science), Computer, Multiplication, Mathematics, Graphics, Image"
umRDw1LLjJM,"Algorithm, Computer programming, Index (database), Complexity, Recurrence relation, Computer, C (programming language), Data (computing), Data"
uyDUmW2ormk,"Algorithm, Matrix (mathematics), Finite set, Polynomial, Object (computer science), Computational problem, C (programming language)"
vEy54Wq4Nrw,"Algorithm, Variable (computer science), Matrix (mathematics), Index (database), Abstraction (computer science), Complexity, Parallel computing, Signal processing, Recursion (computer science), Time complexity, Recursion, Routing, Scheduling (computing), C (programming language), Computing, Graph (mathematics), Multiplication, Data (computing), Computation, Data, Thread (computer science), Integer, Reason, Floating point"
vS0khTah3zU,"Firewall (computing), Computer network, Java (programming language), Operating system, Network security, Internet, Object (computer science), Authentication, Routing, Computer, Computing, Server (computing), Web server, Data (computing), Data, Security, Communication, Vulnerability (computing), Interface (computing), Encryption"
vWU1Ct271vQ,"Algorithm, Matrix (mathematics), Coding theory, C (programming language), Graph (mathematics), Multiplication, Data (computing), Data, Communication, Synchronization, Interface (computing)"
vlFdVYAXIxg,"Algorithm, Logic, Object (computer science), Computer, Computing, Graph (mathematics), Fast Fourier transform, Data (computing), Computation, Data, Image"
vo7LN-zMI2s,"Algorithm, Complexity, Scope (computer science), Operating system, Embedded system, Programmer, Scheduling (computing), Computer, Data (computing), Computation, Data, Reason, Interface (computing)"
vu6eLFmrwaA,"Variable (computer science), Compiler, Complexity, Java (programming language), Programmer, Computer, C (programming language), Computing, Assembly language, Multiplication, Personal computer, Instruction set, Data (computing), Computation, Data, Integer, Reason, Arithmetic, Floating point"
w-WIQ41cDXI,"Variable (computer science), Scope (computer science), Operating system, Kernel (computing), Computing, Server (computing), Statistics, Markov process, Prediction, Run time (program lifecycle phase), Computation, Reason, Microprocessor, Lock (computer science)"
wb6kEUGV7TA,"Variable (computer science), Unix, Complexity, Internet, Computer, Data (computing), Computation, Data, Security, Communication, Reason, Interface (computing)"
wbp5DDSCrUw,"Firewall (computing), String (computer science), Internet, Routing, Computer, C (programming language), Stack (data structure), Data (computing), Data, Communication"
wdGiekwXM2w,"Algorithm, Variable (computer science), Inequality (mathematics), Linear programming, Computer, Computing, Reason"
wfvg4rE7WpM,"Algorithm, Database, Variable (computer science), Matrix (mathematics), C (programming language), Computing, Multiplication, Feature extraction, Wavelet, Approximation, Reason, Image"
wi7T8rP2zMM,"Algorithm, Variable (computer science), Index (database), Complexity, Recurrence relation, Time complexity, Polynomial, C (programming language), Computing, Multiplication, Computation, Integer, Reason"
wkYnrTADrWI,"Variable (computer science), String (computer science), Index (database), Recursion (computer science), Polynomial, Recursion, MATLAB, C (programming language), Computing, Data (computing), Data, Integer"
wuQIHnLr30w,"Algorithm, Logic, Complexity, Probability, C (programming language), Computability, Computation, Reason"
x8s2jJGCT8M,"C (programming language), Graph (mathematics), Flow network, Reason"
xKJjyn8DaAw,"Algorithm, Computer science, Database, Computer network, Scope (computer science), Network security, Internet, Authentication, Computer, Queue (data structure), Economics, Server (computing), Digital signature, Data (computing), Computation, Data, Security, Communication, Microprocessor, Interface (computing), Encryption"
xZk8qwG0AM8,"Algorithm, Complexity, Internet, Routing, C (programming language), Spanning tree, Queue (data structure), Mathematics, Data (computing), Computation, Data, Communication, Reason"
xZpyjp5IVo0,"Compiler, String (computer science), Index (database), Operating system, Pipeline (computing), Programmer, C (programming language), Queue (data structure), Multiplication, Prediction, Data (computing), Computation, Data, Integer, Reason, Arithmetic, Floating point"
xs7M3wmoGUc,"Logic, Routing, Scheduling (computing), C (programming language), Graph (mathematics), Multiplication, Reason, Interface (computing), Differential equation"
y3CtaMFMxjc,"Variable (computer science), Software development, Unix, Software engineering, String (computer science), Index (database), Abstraction (computer science), Data type, Complexity, Programmer, Object (computer science), Data structure, Queue (data structure), File system, Server (computing), Syntax, Formal methods, Abstract data type, Mathematical model, Stack (data structure), Natural language, Data (computing), Data, Integer, Interface (computing)"
yE8oCPmKX0I,"Algebra, Logic, Artificial intelligence, Probability, Computer, C (programming language), Expert system, Reason, Uncertainty"
ySTr4TO3IiU,"Algorithm, Database, Machine learning, Data mining, Reinforcement learning, Logic, Probability, Speech recognition, Finite set, Object (computer science), Data structure, Computer, Unsupervised learning, C (programming language), Stochastic, Inference, Data (computing), Data, Approximation, Graphics, Image"
yhVLhoN5_vE,"Logic, C (programming language), Graph (mathematics), Data (computing), Data, Reason, Arithmetic"
yxnbvS2t_QA,"Computer science, Database, Variable (computer science), Lexical analysis, Probability theory, Profiling (computer programming), Unix, Parsing, Compiler, Algebra, Software engineering, String (computer science), Programming language, Symbol table, Logic, Dynamic programming, Complexity, Scripting language, Java (programming language), Probability, Pattern matching, NP (complexity), Python (programming language), Pipeline (computing), Semantics of programming languages, Object (computer science), Data structure, Lisp (programming language), Perl, Program analysis, Pushdown automata, Scheduling (computing), Computer, C (programming language), Linear algebra, Assembly language, Software testing, Graph (mathematics), Multiplication, HTML, Computer architecture, Syntax, Semantics, Fixed point (mathematics), Program optimization, Data analysis, Debugging, Stack (data structure), Data (computing), Computation, Data, Integer, Regular expression, Security, Reason, Floating point"
z2oM0ct9kuc,"Algorithm, Variable (computer science), Inequality (mathematics), Polynomial, Object (computer science), C (programming language), Approximation algorithm, Graph (mathematics), Integral, Approximation, Integer, Reason"
z2yqmHClVO8,"Logic, C (programming language), Reason"
zKCr6uDlq1o,C (programming language)
zMv5QI-5bjo,"Algorithm, Geometry, Index (database), Scope (computer science), Probability, Recursion (computer science), Data structure, Recursion, C (programming language), Computing, Spanning tree, Graph (mathematics), Integral, Data (computing), Data, Reason"
zkqH74k1fjY,"Variable (computer science), Compiler, Control flow, String (computer science), Java (programming language), Recursion (computer science), SQL, Object (computer science), Recursion, C (programming language), Computing, Graph (mathematics), Run time (program lifecycle phase), Stack (data structure), Data (computing), Computation, Data, Approximation, Integer, Reason, Lock (computer science)"
