Random graph,Mathematics
Knowledge representation and reasoning,Algorithm design
Natural language processing,Natural language
Algorithm,Combinatorics
System programming,Unix
Random graph,Combinatorics
Mathematical induction,Mathematical proof
Computer vision,Image processing
Randomness,Mathematics
Computer science,Number theory
Database,Data (computing)
Machine learning,Graph theory
Type system,Programming language
Variable (computer science),Programming language
Computer programming,Logic
Distributed computing,Operating system
Monte Carlo method,Computation
First-order logic,Recursion
Lexical analysis,Formal grammar
Algorithm,Mathematics
Shortest path problem,NP-complete
Probability theory,Algebra
System programming,Computer programming
Graphical user interface,Computer
Profiling (computer programming),Algorithm
Complexity class,Algorithm
Computer graphics,Geometry
Relational database,Computer programming
Software development,Software design
Geometric modeling,Computational geometry
Computational complexity theory,Complexity
Statistical inference,Data
Martingale (probability theory),Markov chain
Arithmetic logic unit,Digital electronics
Data mining,Artificial intelligence
Divide and conquer algorithm,Algorithm design
Unix,Computer
Robotics,Robot
Computer security,Mathematics
Cache coherence,Shared memory
Parsing,Finite-state machine
Malware,Authentication
Firewall (computing),Information assurance
Relational model,Database
Compiler,Computer architecture
Atomicity (database systems),Database
Bioinformatics,Computer programming
Machine learning,Markov chain
Algebra,Mathematics
B-tree,Data structure
PageRank,Expected value
Computer network,Computer science
Concurrency (computer science),Operating system
Algorithm,Iterative method
Multi-core processor,Thread (computer science)
Software engineering,Computer programming
Large deviations theory,Probability theory
Control flow,Computer
Monte Carlo method,Algorithm
Human-computer interaction,Interactivity
Programming paradigm,Computer science
Computer programming,Computer science
Computer graphics,Computer science
Computational geometry,Computer science
Geometric modeling,Algorithm
Computer vision,Geometry
Geometry,Matrix (mathematics)
Visualization (computer graphics),Computer graphics
Profiling (computer programming),Computer programming
Graphical model,Random variable
Algorithm,Logic
String (computer science),Computer programming
Relational database,Relational model
Query language,Computer programming
Machine learning,Computational complexity theory
Matrix (mathematics),Mathematics
Theory of computation,Computer science
Object-oriented programming,High-level programming language
Index (database),Computer programming
Computational chemistry,Computer science
Machine learning,Statistical inference
Suffix tree,String searching algorithm
3D modeling,Algorithm
Analysis of algorithms,Probability theory
Programming language,Data structure
Combinatorics,Finite set
Fourier analysis,Polynomial
Vector processor,Parallel computing
Mobile device,Computer
Newton's method,Approximation
Computational chemistry,Algorithm
Symbol table,Compiler
Formal language,Logic
Document classification,Machine learning
Cryptography,Computer science
Reinforcement learning,Machine learning
Logic,Foundations of mathematics
Partial differential equation,Mathematics
Dynamic programming,Algorithm
Knowledge representation and reasoning,Mathematics
Stochastic process,Continuous function
Machine learning,Computational science
Haskell (programming language),Computer programming
Abstraction (computer science),Computer science
Rendering (computer graphics),Computer graphics
Software engineering,Computational complexity theory
Inequality (mathematics),Mathematics
Central processing unit,Computer architecture
Programming paradigm,Programming language
Computational complexity theory,Computational problem
Combinatorics,Mathematics
Image analysis,Computer science
Distributed computing,Computer network
Haskell (programming language),Functional programming
Data type,Computer science
Complexity,Algorithm
P versus NP problem,Algorithm
Scripting language,Programming language
Algorithm design,Computer science
Computer science,Foundations of mathematics
Scope (computer science),Programming language
Modular programming,Scope (computer science)
Computer graphics,Graphics
Computer vision,Analysis of algorithms
Parallel computing,Computing
Natural language processing,Unsupervised learning
List of undecidable problems,Computational problem
Ray tracing (graphics),Rendering (computer graphics)
Social network,Graph theory
hypothesis testing,Data
Artificial intelligence,Numerical analysis
Software development,Data structure
Communications protocol,Algorithm
Question answering,Expert system
Algorithm,Mathematical induction
Information theory,Probability theory
Stochastic process,Random variable
Distributed computing,Computer programming
Graphical model,Data
Recursively enumerable set,Finite set
Machine translation,Algorithm
Computational complexity theory,Integer
Programming language,Computer
Propositional calculus,Logic
C++,Computer
Scope (computer science),Computer programming
Shortest path problem,Graph theory
Inter-process communication,Data
Parsing,String (computer science)
Lexical analysis,Regular expression
Computer security,Security
Data mining,Data
Robotics,Analysis of algorithms
Algorithm,Theoretical computer science
Hidden Markov model,Dynamic programming
Computer graphics,Computer
Sentiment analysis,Machine learning
Computational geometry,Algorithm
Quantum computer,Theoretical computer science
Communications protocol,Communication
Mathematical optimization,Linear algebra
Data mining,Database
Theoretical computer science,Computation
Concurrency control,Database management system
Java (programming language),Computer programming
Communications protocol,Synchronization
Artificial intelligence,Logic
Operating system,Central processing unit
Cryptography,Mathematical proof
Boundary value problem,Ordinary differential equation
Probability,Mathematics
Recurrence relation,Algorithm
Object-oriented programming,Abstract data type
Mathematical optimization,Algorithm
Relational database,Relational algebra
String (computer science),Data structure
Markov chain,Conditional probability
Undecidable problem,Computational complexity theory
Concurrency (computer science),Computation
Poisson distribution,Expected value
Arithmetic logic unit,Computer
Markov chain,Random variable
Computer security,Computer science
Automated theorem proving,Mathematical induction
Statistical inference,Random variable
Computer animation,Computational geometry
Random walk,Graph theory
Artificial intelligence,Reason
Malware,Computer security
Relational database,Relational database
Compiler optimization,Assembly language
Embedded system,Operating system
Concurrent computing,Computer
Signal processing,Probability
Pattern matching,Functional programming
Estimation theory,Expected value
Computational complexity theory,Mathematics
Ordinary differential equation,Polynomial
Recursion (computer science),Algorithm
Object-oriented programming,Computer science
Query language,Programming language
Computational geometry,Algorithm design
Game theory,Mathematical model
Computer graphics,Image
Computer animation,Mathematics
Formal language,String (computer science)
Network security,Computer security
Relational model,Data
Relational database,Database management system
Time complexity,Computer science
Random graph,Graph theory
Relational database,Computer science
Algorithm,Computation
Computer science,Computer
Turing machine,Computation
Graphical model,Statistical inference
Kalman filter,Expected value
Coding theory,Computer science
Recurrence relation,Mathematics
Programming paradigm,Data structure
Computer network,Data
Probability,Uncertainty
Autonomous robot,Robotics
Analysis of algorithms,Algorithm
NP (complexity),Computer science
Genetic algorithm,Algorithm
Speech recognition,Markov chain
Internet,Routing
NP (complexity),Turing machine
Autonomous robot,Motion planning
SQL,Database
Python (programming language),Object-oriented programming
Calculus,Algebra
Software engineering,Computer
Correlation and dependence,Random variable
Finite set,Mathematics
Monad (functional programming),Computation
Cryptography,Algorithm
SQL,Computer science
Pipeline (computing),Central processing unit
Data warehouse,Data structure
Haskell (programming language),Programming language
Software engineering,Computer science
Programmer,Programming language
Interpolation,Numerical analysis
Finite-state machine,Computer science
Cache coherence,Parallel computing
Cluster analysis,Computer science
Automated theorem proving,Predicate logic
NP (complexity),Computational complexity theory
Computer graphics,Algorithm design
Graphical model,Machine learning
Markov chain,Expected value
Lexical analysis,Finite-state machine
Finite difference,Numerical analysis
GPU,Parallel computing
Recursion (computer science),Computer programming
Transaction processing,Database
Compiler,Regular expression
Wireless sensor network,Communication
B-tree,Computer science
Computational complexity theory,Foundations of mathematics
Information assurance,Information security
Web browser,Computer
Mathematical proof,Mathematics
Computational complexity theory,Computer science
Python (programming language),Computer programming
Relational model,Predicate logic
Compiler,Computer science
CPU cache,Computer architecture
Divide and conquer algorithm,Algorithm
Computer programming,Computer
Object-oriented programming,Design pattern (computer science)
Randomized algorithm,Computational complexity theory
Computational complexity theory,Algorithm design
Polynomial,Integer
Algorithm,Polynomial
Parallel computing,Central processing unit
String searching algorithm,Algorithm
Object-oriented programming,Object (computer science)
Application software,Computer
String searching algorithm,Regular expression
Complexity,Mathematics
Neural network,Machine learning
Parsing,Data structure
Analysis of algorithms,Turing machine
Martingale (probability theory),Expected value
Monte Carlo method,Statistical inference
Parametric polymorphism,Data type
Finite difference,Boundary value problem
Java (programming language),Compiler
Concurrency control,Algorithm design
"Best, worst and average case",Computer science
Model checking,Computer science
Machine translation,Artificial intelligence
Parsing,Context-free language
Machine learning,Artificial intelligence
Discrete mathematics,Mathematical proof
Computer graphics,Computer programming
PSPACE,Turing machine
Graph theory,Graph (mathematics)
Randomized algorithm,Random variable
Information theory,Conditional probability
Semantics of programming languages,Programming language
Hash table,"Best, worst and average case"
Object (computer science),Computer science
Data structure,Computer science
Recursion,Control flow
C++,Object-oriented programming
Operating system,Computer
Authentication,Information security
Deadlock,Operating system
Functional programming,Computer science
System call,Operating system
Lisp (programming language),Scope (computer science)
Computational problem,Computer science
Gradient descent,Mathematical optimization
Algorithm,Problem solving
Perl,Compiler
Pattern recognition,Probability
Java (programming language),Scope (computer science)
Machine learning,Computer
Volume rendering,Computer graphics
Computer network,Data (computing)
Complexity class,Computational complexity theory
Concurrency control,Computer science
Python (programming language),Computer
Recursively enumerable set,Algorithm
Randomized algorithm,Randomization
Compiler,Programming language
Analysis of algorithms,Combinatorics
Java (programming language),Data structure
Software engineering,Data structure
Parallel algorithm,Algorithm
Interaction design,User interface
Web search engine,Algorithm
Computer software,Operating system
Packet switching,Computer network
Routing,Computer
Rendering (computer graphics),Shading
Operating system,Computing
Lazy evaluation,Programming language
Algorithm,Abstraction (computer science)
Programming language,Computability
Autonomous robot,Robot
Numerical analysis,Mathematics
Speech recognition,Computer science
Program analysis,Computer science
Functional programming,Computer programming
Reinforcement learning,Artificial intelligence
Sparse matrix,Matrix (mathematics)
Sentiment analysis,Document classification
Image processing,Computer programming
Computer vision,Computer programming
Big data,Computer science
Database management system,Database
Algebra,Arithmetic
Graph coloring,Dynamic programming
User interface design,Computer
Central processing unit,Computer
Parallel algorithm,Computer science
Cryptography,Computer security
Cryptanalysis,Mathematics
Computational chemistry,Computer programming
Analysis of algorithms,Computational complexity theory
Internet Protocol Suite,Computer
Divide and conquer algorithm,Recursion
String searching algorithm,Introduction to Algorithms
MATLAB,Programming language
Computer science,Discrete mathematics
Software development,Object-oriented programming
Sentiment analysis,Natural language processing
Scripting language,Computer programming
Pushdown automata,Computability
Random walk,Expected value
Formal language,Discrete mathematics
Hidden Markov model,Probability theory
Database design,Data structure
ML (programming language),Functional programming
Polymorphism (computer science),Programming language
Scheduling (computing),Operating system
Database design,Relational model
Embedded system,Microprocessor
Least squares,Numerical analysis
Monte Carlo method,Integral
Computational complexity theory,Computability
Distributed computing,Computational problem
Discrete mathematics,Mathematics
Exponential family,Random variable
Hidden Markov model,Artificial intelligence
Concurrency control,Analysis of algorithms
Computational geometry,Computational science
Stochastic process,Randomness
Random walk,Graph (mathematics)
Recursion,Algorithm
Ray tracing (graphics),Computer graphics
Automatic programming,Computer programming
Firewall (computing),Data
Algorithm,Discrete mathematics
Linear programming,Algorithm
Software design,Programming language
Imperative programming,Control flow
Kernel (computing),Operating system
Computer,Arithmetic
Sufficient statistic,Data
Unsupervised learning,Machine learning
Parsing,Algorithm
Object-oriented programming,Programming language
Correlation and dependence,Data
Programming language,Automata theory
Hash table,Data (computing)
Distributed algorithms,Algorithm
Monad (functional programming),Functional programming
Firewall (computing),Network security
Finite-state machine,Theory of computation
Analysis of algorithms,Computational science
Semidefinite programming,Approximation algorithm
Unix,Operating system
Database design,Database
High-level programming language,Computer science
Database design,Database system
Computational complexity theory,Theoretical computer science
Superscalar,Multi-core processor
Graph theory,Mathematics
Model of computation,Computation
Peer-to-peer,Computer network
Quantum computer,Computer science
Markov chain,Probability theory
C (programming language),Computer
Analysis of algorithms,Asymptotic analysis
Lisp (programming language),Programming language
Stochastic process,Randomization
Computer security,Computer
Functional programming,Recursion
Knowledge representation and reasoning,Logic
Machine learning,Probability
Traffic analysis,Cryptography
Automated planning and scheduling,Artificial intelligence
Undecidable problem,Algorithm
Cryptography,Mathematics
Correlation and dependence,Expected value
Dynamic programming,Computer science
CPU cache,Computer
Document classification,Computer science
Linear algebra,Mathematics
Arithmetic logic unit,Combinational logic
Speech recognition,Machine learning
Stochastic process,Probability
Computing,Computation
Database,Data
Game theory,Probability theory
Computer programming,Algorithm
Quantum mechanics,Randomness
Computational learning theory,Probability
Neural network,Algorithm
Control flow,Programming language
Calculus of variations,Integral
Knowledge representation and reasoning,Data structure
Algorithm,Foundations of mathematics
Regular language,Finite-state machine
Cloud computing,Computer network
Java (programming language),Computer
Python (programming language),Variable (computer science)
Computer network,Communications protocol
Social network,Graph (mathematics)
Mathematical optimization,Integer
Object-oriented programming,Data type
Artificial intelligence,Data structure
Natural language processing,Computer science
Spanning tree,Mathematics
Computer vision,Pattern recognition
Regular language,Computability
Robot,Computation
Cryptography,Number theory
JavaScript,Programming language
Approximation algorithm,Algorithm
Decision theory,Statistical inference
Object-oriented programming,Variable (computer science)
Approximation algorithm,Introduction to Algorithms
Compiler,Assembly language
Software design,Java (programming language)
Memory management,Operating system
Halting problem,Computability
Linear system,Matrix (mathematics)
Assembly language,Syntax
NP-complete,Algorithm
Graph coloring,Graph theory
Lexical analysis,Programming language
P versus NP problem,Integer
Superscalar,Computer architecture
Symbol table,Computer science
Quantum mechanics,Continuous function
Round-off error,Numerical analysis
Computer vision,Algorithm design
Newton's method,Numerical analysis
Polymorphism (computer science),Abstract data type
Structured programming,Programming language
Computer programming,Computing
Sufficient statistic,Statistical inference
Randomized algorithm,Introduction to Algorithms
Randomized algorithm,Algorithm
SQL,Programming language
Programmer,Computer programming
Hidden line removal,Algorithm
Computer,Digital electronics
Queue (data structure),Array data structure
Database system,Database
Poisson distribution,Random variable
Concurrency (computer science),Parallel computing
Cryptanalysis,Cryptography
Malware,Information security
Robot,Artificial intelligence
Functional programming,Programming language
Ordinary differential equation,Nonlinear system
Application programming interface,Programming language
Lexical analysis,Computer science
Data structure,Data type
Formal grammar,String (computer science)
Computer software,Computer
Processor register,Stack (data structure)
Analysis of algorithms,Mathematical induction
Scientific visualization,Computer graphics
Bioinformatics,Analysis of algorithms
Garbage collection (computer science),Computer science
Prolog,Logic programming
NP-complete,Computational complexity theory
List of undecidable problems,Computability
Hash table,Data structure
Dynamic memory allocation,Operating system
Software testing,Software development
Pushdown automata,String (computer science)
Internet Protocol Suite,Computer network
Data mining,Computer science
Internet,Telecommunications network
Automated theorem proving,Mathematical proof
Model of computation,Computer science
Stochastic,Probability theory
C (programming language),Computer programming
Application programming interface,Computer programming
Mathematical optimization,Matrix (mathematics)
Natural language processing,Algorithm design
Predicate logic,Foundations of mathematics
3D computer graphics,Image processing
Computer programming,Arithmetic
Lisp (programming language),Logic programming
Numerical analysis,Matrix (mathematics)
C (programming language),Computing
OSI model,Computer network
Bayesian network,Conditional probability
Cryptography,Modular arithmetic
Iterative method,Numerical analysis
Assembly language,Programming language
Computer network,Computer
File system,Computing
Database,Data structure
Graph (mathematics),Mathematics
Computational geometry,Analysis of algorithms
Malware,Computer network
Recursively enumerable set,Recursion
Firewall (computing),Vulnerability (computing)
Recursion (computer science),Programming language
Turing machine,Automata theory
Imperative programming,Variable (computer science)
Economics,Mathematical optimization
Probability theory,Mathematics
Query optimization,SQL
Decision theory,Algorithm
Decision theory,Random variable
Multiplication,Mathematics
Genetic algorithm,Computer science
Machine learning,Expected value
Message Passing Interface,Inter-process communication
Estimation theory,Probability
Approximation algorithm,Mathematical optimization
HTML,Computer
Relational model,Data type
Mathematical optimization,Mathematical model
Dynamic memory allocation,Array data structure
Calculus,Arithmetic
Parallel algorithm,Parallel computing
Personal computer,Computer
Quantum mechanics,Probability
Parallel computing,Lock (computer science)
Time complexity,Computational complexity theory
Discrete mathematics,Algebra
Ordinary differential equation,Numerical analysis
Computer vision,Computer science
Computational complexity theory,Theory of computation
Lisp (programming language),Functional programming
Computer architecture,Computer science
Parametric polymorphism,Programming language
Game theory,Mathematical optimization
Computational geometry,Computer graphics
Pushdown automata,Automata theory
Poisson distribution,Probability theory
Server (computing),Computer
Query optimization,Database
Transaction processing,Computer science
JavaScript,World Wide Web
Java (programming language),Object-oriented programming
System programming,Operating system
Theoretical computer science,Mathematics
MapReduce,Parallel computing
Artificial intelligence,Programming language
Algorithm design,Mathematics
String searching algorithm,Computer science
Finite element method,Polynomial
Imperative programming,Computer
Information theory,Random variable
Computer graphics,Algorithm
Virtual memory,Computing
Linear programming,Mathematical optimization
Bayesian network,Random variable
Human-computer interaction,Interface (computing)
Pushdown automata,Theory of computation
Computer vision,Artificial intelligence
Cryptography,Authentication
Scalability,Software design
Virtual memory,Memory hierarchy
Machine learning,Mathematical optimization
Assembly language,Computer science
Graph theory,Computational science
Parsing,Regular language
Quantum computer,Computational complexity theory
Digital signature,Algorithm
Knowledge representation and reasoning,Computer science
Finite-state machine,Logic
Amortized analysis,Computer science
Monad (functional programming),Input/output
Programming paradigm,Computational science
Parsing,Algorithm design
Robotics,Artificial intelligence
Index (database),Relational database
Microcode,Computer
Halting problem,Theory of computation
Computability,Computer science
Formal verification,Computer science
Inheritance (object-oriented programming),Programming language
Computer architecture,Computer
Turing machine,Mathematics
Distributed computing,Computational complexity theory
Lexical analysis,Regular language
Routing,OSI model
Public-key cryptography,Discrete mathematics
Instruction set,Computer
Design of experiments,hypothesis testing
Web server,Operating system
Machine learning,Computer science
Robotics,Computer programming
Software development,Computer programming
Partial differential equation,Differential equation
Imperative programming,Higher-order function
Software engineering,Theory of computation
Machine learning,Probability theory
Congestion control,Computer network
Robotics,Kinematics
Query optimization,Database management system
Scheduling (computing),Computing
Boundary value problem,Partial differential equation
Computer graphics,Personal computer
Statistics,Randomness
Software engineering,Algorithm
Operating system,Input/output
Computer programming,Computational complexity theory
Recursion,Logic
PSPACE,Computational complexity theory
Artificial intelligence,Computational complexity theory
Model checking,Algorithm
Pattern matching,String (computer science)
Public-key cryptography,Algorithm
Compiler,Parsing
Syntax,Natural language
Semantics,Syntax
Natural language processing,Artificial intelligence
Internet,Computer network
Natural language processing,Graph theory
Imperative programming,Computer science
GPU,Computer graphics
Database,Operating system
Halting problem,Turing machine
Analysis of algorithms,Computation
Mathematical optimization,Random variable
Message Passing Interface,Synchronization
Denotational semantics,Programming language
Artificial intelligence,Computer programming
Bayesian,Conditional probability
Relational database,Relational algebra
Query optimization,Relational database
Internet,OSI model
Turing machine,Theory of computation
Microcode,Assembly language
Natural language processing,Machine learning
Multi-core processor,Vector processor
Formal language,Computer science
Object-oriented programming,Data
Distributed computing,Mutual exclusion
Robotics,Computer science
Decision theory,hypothesis testing
Prolog,String (computer science)
Algorithm design,Analysis of algorithms
Formal methods,Analysis of algorithms
Haskell (programming language),Scope (computer science)
Graphical user interface,Computer science
User interface,Computer
Bayesian,Probability
Symmetric multiprocessing,Concurrency (computer science)
Algorithm design,Algorithm
Computer graphics,Data
Artificial intelligence,Graph theory
Robotics,Speech recognition
Computer vision,Mathematical optimization
Hidden Markov model,Probability
Pattern recognition,Computer science
Modular arithmetic,Discrete mathematics
Time complexity,Turing machine
Variable (computer science),Computer programming
Procedural programming,Computer science
Interpolation,Mathematics
Coding theory,Theoretical computer science
Theoretical computer science,Computer science
Analysis of algorithms,Introduction to Algorithms
Computer animation,Rendering (computer graphics)
Parsing,Programming language
Quantum cryptography,Cryptography
World Wide Web,Computer
Gradient descent,Algorithm
Linear algebra,Matrix (mathematics)
Concurrency (computer science),Computer science
Programming language,Computer science
Computer animation,Computer graphics
Bayesian,Random variable
Cryptanalysis,Information security
Linked list,Computer science
Algorithm,Computer science
Support vector machine,Algorithm
Polynomial,Mathematics
Partial differential equation,Numerical analysis
Database,Algorithm design
Analysis of algorithms,Mathematics
Analysis of algorithms,Graph theory
Index (database),Computer science
Turing machine,Finite-state machine
Ordinary differential equation,Mathematics
Linear programming,Matrix (mathematics)
Parsing,Natural language
Functional programming,Recursion (computer science)
Scripting language,Computer
Numerical analysis,Polynomial
Tensor,Mathematics
SQL,Computer programming
Object-oriented programming,Structured programming
Functional programming,Generic programming
Interactivity,Computer science
Database management system,Database transaction
Cryptographic hash function,Information security
Database management system,Computer
Randomized algorithm,Conditional probability
Statistics,Data
Entropy,Probability
Combinatorics,Algebra
Computational complexity theory,Algorithm
Calculus of variations,Continuous function
Finite difference,Polynomial
Speech recognition,Artificial intelligence
Computer science,Graph theory
Perl,Computer
Firewall (computing),Computer security
Artificial intelligence,Algorithm
Very long instruction word,Computer architecture
Database design,Relational database
Software framework,Computer programming
Inter-process communication,Operating system
Sequence alignment,Probability
Logic programming,Computer programming
Machine learning,Computer programming
Pushdown automata,Finite-state machine
Java (programming language),Programming language
Software testing,Computer programming
Flow network,Introduction to Algorithms
Abstract data type,Integer
Computational geometry,Computer
Inheritance (object-oriented programming),Object (computer science)
Data mining,Programming language
Embedded system,Computer
Analysis of algorithms,Computer science
Software design,Computer programming
Martingale (probability theory),Random variable
Array data structure,Data structure
Motion capture,Computer graphics
Feature extraction,Algorithm
Statistical inference,Probability
Transaction processing,Concurrency control
Computational complexity theory,Polynomial
Linear algebra,Polynomial
Markov process,Conditional probability
Question answering,Artificial intelligence
Formal methods,Computer programming
Web server,Computer
Rendering (computer graphics),Computer
Estimation theory,Statistical inference
Computer animation,Image
Transaction processing,Computer programming
Visualization (computer graphics),Geometry
Statistics,Mathematics
Markov process,Probability theory
High-level programming language,Computer
Control flow,Scope (computer science)
Artificial intelligence,Mathematics
Multi-core processor,Central processing unit
Database management system,Relational algebra
Computer simulation,Computer science
Undecidable problem,Mathematical proof
Robotics,Mechanical engineering
Input/output,Computer
Instruction set,Computer architecture
Mathematical optimization,Arithmetic
Fast Fourier transform,Algorithm
Cryptanalysis,Modular arithmetic
Mathematics,Foundations of mathematics
Mathematical model,Integer
Part-of-speech tagging,Natural language
Python (programming language),Imperative programming
Scope (computer science),Variable (computer science)
Cryptography,Computational complexity theory
Newton's method,Mathematical optimization
hypothesis testing,Probability
Stochastic process,Probability theory
Machine learning,Statistics
Software development,Computer science
Ray tracing (graphics),Computational geometry
Parametric polymorphism,Variable (computer science)
Fixed point (mathematics),Mathematics
Virtual memory,Computer architecture
Computer science,Logic
JavaScript,Computer programming
Analysis of algorithms,Computer programming
Software framework,Control flow
Query optimization,Index (database)
Numerical analysis,Algorithm
Data structure,Data (computing)
Large deviations theory,Random variable
Virtual reality,Interactivity
CPU cache,Central processing unit
Neural network,Pattern recognition
Boundary value problem,Nonlinear system
Dynamic programming,Recursion
Parallel computing,Computer programming
Dynamic programming,Introduction to Algorithms
Relational database,Database
Message passing,Computer science
Object-oriented programming,Computer programming
Web service,Computer network
C (programming language),Arithmetic
Neural network,Artificial intelligence
Random graph,Probability theory
Parsing,Lexical analysis
Graph theory,Discrete mathematics
Random walk,Probability theory
Prediction,Probability
Algorithm,Integer
User interface design,User interface
Inequality (mathematics),Integer
Assembly language,Instruction set
C++,Floating point
Context-free grammar,String (computer science)
Programming style,Computer programming
Program optimization,Algorithm
Computer programming,Computational science
Graph (mathematics),Discrete mathematics
Index (database),Database
Approximation algorithm,Computer science
Prolog,Programming language
Natural language processing,Semantics
Data analysis,Problem solving
Assembly language,Computer programming
Lisp (programming language),Computer science
Database,Object (computer science)
Fast Fourier transform,Signal processing
Volume rendering,Rendering (computer graphics)
Finite-state machine,Automata theory
Bayesian,Data
JavaScript,Computer
Computer animation,Ray tracing (graphics)
Data warehouse,Data
Logic programming,Computer science
Machine translation,Natural language
Relational database,Analysis of algorithms
Concurrency control,Computer programming
Integral,Mathematics
Hidden Markov model,Machine learning
P versus NP problem,Computer science
Wavelet,Signal processing
Network security,Computer network
Computer network,Graph (mathematics)
Machine learning,Algorithm
Artificial intelligence,Computer science
Martingale (probability theory),Probability theory
Monte Carlo method,Expected value
Inference,Probability
Graphical model,Probability theory
Deadlock,Computer multitasking
Calculus,Mathematics
ML (programming language),Programming language
Relational database,Relational model
Computational geometry,Mathematics
Data mining,Algorithm
Computer science,Mathematics
Cryptographic hash function,Cryptography
Model of computation,Computational complexity theory
Theoretical computer science,Discrete mathematics
Amortized analysis,Data structure
Finite element method,Numerical analysis
Semidefinite programming,Linear programming
Mathematical optimization,Mathematics
Cryptography,Probability theory
Debugging,Computer programming
Software testing,Control flow
Dynamic programming,Algorithm design
Recommender system,Machine learning
User interface,Computer programming
Exponential family,Probability theory
Dynamic programming,Mathematics
Run time (program lifecycle phase),Computer science
Undecidable problem,Computer science
Abstract data type,Computer science
Expert system,Artificial intelligence
Cryptanalysis,Algorithm
Time complexity,Algorithm
Network security,Security
Relational database,Database
Artificial intelligence,Computer
Relational model,Object (computer science)
Virtual reality,Computer graphics
Parallel computing,Time complexity
File system,Operating system
Motion planning,Robotics
CPU cache,Performance tuning
Numerical analysis,Floating point
Software testing,Programming language
Sufficient statistic,Random variable
Database normalization,Database
Automatic programming,Computer science
Hidden Markov model,Markov chain
Spanning tree,Graph theory
Compiler,Computer programming
Stack (data structure),Array data structure
Assembly language,Computer
Memory hierarchy,Computer architecture
Parsing,Formal grammar
Routing,Computer network
Cryptography,Information security
Cryptographic hash function,Encryption
Visualization (computer graphics),Mathematics
Database,Computer science
Rendering (computer graphics),Mathematics
Robotics,Software engineering
C (programming language),Programming language
Machine learning,Algorithm design
Lexical semantics,Semantics
System programming,Computer
C++,Computer programming
hypothesis testing,Statistical inference
Parallel computing,Computer science
Computational complexity theory,Discrete mathematics
Inheritance (object-oriented programming),Object-oriented programming
Amortized analysis,"Best, worst and average case"
Mathematical model,Mathematics
Database management system,Computer science
Firewall (computing),Information security
Concurrency control,Computer
Graphical model,Probability
Algorithm,Computing
Data structure,Data
Graphical model,Scientific modelling
hypothesis testing,Random variable
Eigenvalues and eigenvectors,Matrix (mathematics)
Bioinformatics,Algorithm
Random walk,Markov chain
Functional programming,Variable (computer science)
Debugging,Control flow
NP-complete,Computer science
Transaction processing,Database management system
Artificial intelligence,Computational science
Statistics,Arithmetic
Numerical analysis,Eigenvalues and eigenvectors
Virtual memory,Operating system
Imperative programming,Programming language
Pushdown automata,Computer science
Context-free grammar,Computer science
Data type,Programming language
Algorithm,Computability
Software engineering,Debugging
Turing machine,Computer science
Programming language,Computer programming
Parallel computing,Shared memory
Numerical analysis,Approximation
Software development,Software engineering
Computer programming,Data structure
Abstraction (computer science),Computer programming
Operating system,Computer programming
Knowledge representation and reasoning,Algorithm
String (computer science),Data (computing)
Multi-core processor,Parallel computing
Parsing,Computer programming
Algorithm,Logic
Software engineering,Object-oriented programming
Software engineering,Programming language
3D computer graphics,Algorithm
