cmu_15-221,Communication
cmu_15-221,Computer science
cmu_15-221,Computer
msu_CSE 440,Artificial intelligence
mit_6.UR,Computer science
mit_6.UR,Computer
iowa_CS:3110,Complexity
iowa_CS:3110,Python (programming language)
iowa_CS:3110,Computer science
iowa_CS:3110,Computer
psu_CMPSC 311,Data (computing)
psu_CMPSC 311,Program analysis
psu_CMPSC 311,System programming
psu_CMPSC 311,Data
psu_CMPSC 311,C (programming language)
psu_CMPSC 311,Unix
mit_6.002,Abstraction (computer science)
psu_CMPSC 421,Communication
psu_CMPSC 421,JavaScript
psu_CMPSC 421,Server (computing)
psu_CMPSC 421,Computing
psu_CMPSC 421,Internet
mit_6.853,Complexity
mit_6.853,Game theory
mit_6.853,Computer science
mit_6.853,Interface (computing)
mit_6.853,Computer
princeton_COS  217,System call
princeton_COS  217,Programming style
princeton_COS  217,Performance tuning
princeton_COS  217,Debugging
princeton_COS  217,Modular programming
princeton_COS  217,Assembly language
illinois_CS 241,Communication
illinois_CS 241,Inter-process communication
illinois_CS 241,Memory management
illinois_CS 241,System programming
illinois_CS 241,Debugging
illinois_CS 241,Synchronization
illinois_CS 241,Security
cmu_15-323,Data (computing)
cmu_15-323,Signal processing
cmu_15-323,Data
cmu_15-323,Computer
cmu_15-323,Scheduling (computing)
maryland_CMSC 460,Least squares
maryland_CMSC 460,Approximation
maryland_CMSC 460,Interpolation
maryland_CMSC 460,Polynomial
psu_CSE 522,Denotational semantics
psu_CSE 522,Theory of computation
psu_CSE 522,Semantics
psu_CSE 522,Semantics of programming languages
psu_CSE 522,Computation
mit_6.013,Communication
stanford_CS 181,Computer
mit_6.814,Query optimization
mit_6.814,Data (computing)
mit_6.814,Concurrency control
mit_6.814,Data
mit_6.814,Concurrency (computer science)
mit_6.814,Database
cmu_15-359,Randomization
cmu_15-359,Data (computing)
cmu_15-359,Uncertainty
cmu_15-359,Algebra
cmu_15-359,Probability
cmu_15-359,Data
cmu_15-359,Computer science
cmu_15-359,Calculus
cmu_15-359,Probability theory
cmu_15-359,Computer
cmu_15-359,Computing
cmu_15-359,Artificial intelligence
cmu_15-359,Computer simulation
purdue_CS 50300,Virtual memory
purdue_CS 50300,Stack (data structure)
purdue_CS 50300,Operating system
purdue_CS 50300,Mutual exclusion
purdue_CS 50300,Prediction
purdue_CS 50300,Synchronization
caltech_CS 38,Introduction to Algorithms
caltech_CS 38,Linear programming
caltech_CS 38,Graph (mathematics)
caltech_CS 38,Dynamic programming
caltech_CS 38,NP (complexity)
stanford_CS 148,Computer graphics
stanford_CS 148,Graphics
stanford_CS 148,Computer
stanford_CS 148,Ray tracing (graphics)
stanford_CS 148,Interpolation
stanford_CS 148,Shading
iowa_CS:2110,Introduction to Algorithms
iowa_CS:2110,Data (computing)
iowa_CS:2110,Data
iowa_CS:2110,Perl
iowa_CS:2110,Computing
mit_6.863,Natural language
mit_6.863,Question answering
mit_6.863,Parsing
mit_6.863,Computer
mit_6.863,Natural language processing
cmu_15-104,Complexity
cmu_15-104,Data (computing)
cmu_15-104,Abstraction (computer science)
cmu_15-104,Data
cmu_15-104,Software design
cmu_15-104,Concurrency (computer science)
cmu_15-104,Recursion
cmu_15-104,Randomness
cmu_15-104,Computing
cmu_15-104,Recursion (computer science)
cmu_15-387,Inference
cmu_15-387,Reason
cmu_15-387,Object (computer science)
illinois_CS 411,Data (computing)
illinois_CS 411,Concurrency control
illinois_CS 411,Data
illinois_CS 411,Concurrency (computer science)
illinois_CS 411,Database
illinois_CS 411,Security
illinois_CS 125,Computer science
illinois_CS 125,Computer
illinois_CS 125,Computing
stanford_CS 267,Data (computing)
stanford_CS 267,Graph (mathematics)
stanford_CS 267,Data
stanford_CS 267,Graph coloring
stanford_CS 267,Approximation
mit_6.452,Communication
stanford_CS 224U,Natural language
stanford_CS 224U,Lexical semantics
stanford_CS 224U,Machine learning
stanford_CS 224U,Parsing
stanford_CS 224U,Natural language processing
stanford_CS 224U,Sentiment analysis
stanford_CS 224U,Semantics
stanford_CS 103A,Problem solving
stanford_CS 103A,Computer science
stanford_CS 103A,Computer
stanford_CS 103A,Mathematics
stanford_CS 103A,Discrete mathematics
mit_6.866,Image
mit_6.021,Communication
mit_6.021,Computer
cmu_15-211,Data (computing)
cmu_15-211,Abstraction (computer science)
cmu_15-211,Data
cmu_15-211,Computer science
cmu_15-211,Computer
cmu_15-211,C (programming language)
cmu_15-211,Java (programming language)
msu_CSE 843,Natural language
msu_CSE 843,Communication
msu_CSE 843,Speech recognition
msu_CSE 843,Robot
iowa_CS:5350,Geometry
iowa_CS:5350,Randomization
iowa_CS:5350,String (computer science)
iowa_CS:5350,Data (computing)
iowa_CS:5350,Graph (mathematics)
iowa_CS:5350,Data
iowa_CS:5350,Analysis of algorithms
iowa_CS:5350,NP (complexity)
iowa_CS:5350,Approximation
iowa_CS:5350,Computational geometry
maryland_CMSC 106,C (programming language)
maryland_CMSC 106,Computing
maryland_CMSC 106,Structured programming
psu_CMPSC 458,Computer graphics
psu_CMPSC 458,Graphics
psu_CMPSC 458,Computer
psu_CMPSC 458,Input/output
mit_6.852,Communication
mit_6.852,Graph (mathematics)
mit_6.852,Deadlock
mit_6.852,Concurrency control
mit_6.852,Distributed algorithms
mit_6.852,Concurrency (computer science)
mit_6.852,Synchronization
mit_6.852,Computation
maryland_CMSC 422,Data (computing)
maryland_CMSC 422,Data mining
maryland_CMSC 422,Machine learning
maryland_CMSC 422,Data
cmu_15-237,JavaScript
cmu_15-237,Mobile device
cmu_15-237,C (programming language)
cmu_15-237,Server (computing)
cmu_15-237,Java (programming language)
illinois_CS 461,Data (computing)
illinois_CS 461,Network security
illinois_CS 461,Cryptography
illinois_CS 461,Computer security
illinois_CS 461,Information assurance
illinois_CS 461,Data
illinois_CS 461,Computer
illinois_CS 461,Authentication
illinois_CS 461,Computing
illinois_CS 461,Security
caltech_CS 11,Programming language
caltech_CS 11,Computer
iowa_CS:4350,Logic
iowa_CS:4350,Computer science
iowa_CS:4350,Computer
iowa_CS:4350,Computation
cmu_15-122,Imperative programming
cmu_15-122,Data (computing)
cmu_15-122,Data
cmu_15-122,Computer
cmu_15-122,C (programming language)
cmu_15-122,Computation
mit_6.685,Tensor
princeton_COS  402,Uncertainty
princeton_COS  402,Problem solving
princeton_COS  402,Speech recognition
princeton_COS  402,Machine learning
princeton_COS  402,Inference
princeton_COS  402,Artificial intelligence
msu_CSE 429,Communication
stanford_CS 476B,Software design
stanford_CS 476B,Interaction design
stanford_CS 476B,Computing
stanford_CS 476B,Virtual reality
illinois_CS 484,Shared memory
illinois_CS 484,Synchronization
msu_CSE 914,Software development
msu_CSE 914,Formal methods
msu_CSE 914,Interface (computing)
msu_CSE 914,Object (computer science)
msu_CSE 914,Software engineering
msu_CSE 420,Data (computing)
msu_CSE 420,Arithmetic logic unit
msu_CSE 420,Arithmetic
msu_CSE 420,Logic
msu_CSE 420,Memory hierarchy
msu_CSE 420,Data
msu_CSE 420,Computer
msu_CSE 420,Computer architecture
"princeton_COS  109,EGR  109",Computing
"princeton_COS  109,EGR  109",Internet
"princeton_COS  109,EGR  109",Security
illinois_CS 463,Cryptography
illinois_CS 463,Computer security
illinois_CS 463,Computer
illinois_CS 463,Security
stanford_CS 147,Interaction design
stanford_CS 147,Computer
caltech_CS 101,Computer science
caltech_CS 101,Computer
illinois_CS 492,Computer science
illinois_CS 492,Computer
mit_6.905,Data (computing)
mit_6.905,Algebra
mit_6.905,Data
mit_6.905,Pattern matching
mit_6.905,Computer
mit_6.905,Artificial intelligence
purdue_CS 62600,Formal verification
purdue_CS 62600,Information assurance
purdue_CS 62600,Database
purdue_CS 62600,Computer
purdue_CS 62600,Authentication
purdue_CS 62600,Malware
purdue_CS 62600,Security
cmu_15-354,Complexity
cmu_15-354,Algebra
cmu_15-354,Logic
cmu_15-354,Computability
cmu_15-354,Mathematics
cmu_15-354,Discrete mathematics
caltech_CS 1,Computer programming
caltech_CS 1,String (computer science)
caltech_CS 1,Programming language
caltech_CS 1,Data (computing)
caltech_CS 1,Python (programming language)
caltech_CS 1,Data
caltech_CS 1,Graphics
caltech_CS 1,Debugging
caltech_CS 1,Recursion
caltech_CS 1,Computer
caltech_CS 1,Input/output
caltech_CS 1,Object-oriented programming
caltech_CS 1,Recursion (computer science)
caltech_CS 1,Object (computer science)
iowa_CS:3330,Randomization
iowa_CS:3330,Algorithm
iowa_CS:3330,Graph (mathematics)
iowa_CS:3330,Dynamic programming
iowa_CS:3330,Algorithm design
iowa_CS:3330,NP (complexity)
caltech_CS 119,Software testing
caltech_CS 119,Debugging
illinois_CS 467,Visualization (computer graphics)
illinois_CS 467,Data (computing)
illinois_CS 467,Data
illinois_CS 467,Social network
psu_CMPSC 431W,Data (computing)
psu_CMPSC 431W,Data
psu_CMPSC 431W,Database
psu_CMPSC 431W,Database system
psu_CMPSC 431W,Internet
cmu_15-464,Computer animation
cmu_15-464,Motion capture
cmu_15-464,Computer
maryland_CMSC 714,Shared memory
maryland_CMSC 714,Profiling (computer programming)
maryland_CMSC 714,Data (computing)
maryland_CMSC 714,Data
maryland_CMSC 714,Debugging
maryland_CMSC 714,Computing
stanford_CS 229T,Data (computing)
stanford_CS 229T,Algorithm
stanford_CS 229T,Data
stanford_CS 229T,Kernel (computing)
illinois_CS 460,Network security
illinois_CS 460,Malware
illinois_CS 460,Security
cmu_15-412,Operating system
cmu_15-412,Web server
cmu_15-412,Server (computing)
cmu_15-412,Kernel (computing)
mit_6.01,Inference
mit_6.01,Computer science
mit_6.01,Computer
psu_CMPSC 483W,Software design
psu_CMPSC 483W,Computer software
psu_CMPSC 483W,Computer
maryland_CMSC 250,Logic
maryland_CMSC 250,Computer science
maryland_CMSC 250,Computer
psu_CSE 564,Complexity
psu_CSE 564,NP (complexity)
psu_CSE 564,Approximation
psu_CSE 564,Scheduling (computing)
psu_CMPSC 438,Computer network
psu_CMPSC 438,Communication
psu_CMPSC 438,Network security
psu_CMPSC 438,Computer
psu_CMPSC 438,Server (computing)
psu_CMPSC 438,Computing
psu_CMPSC 438,Security
caltech_CMS/CS/EE 144,Graph (mathematics)
caltech_CMS/CS/EE 144,Probability
caltech_CMS/CS/EE 144,Economics
caltech_CMS/CS/EE 144,Graph theory
caltech_CMS/CS/EE 144,Internet
mit_6.431,Probability
mit_6.870,Computer vision
mit_6.870,Computer
iowa_CS:2820,Data (computing)
iowa_CS:2820,Software development
iowa_CS:2820,Data
iowa_CS:2820,Concurrency (computer science)
iowa_CS:2820,Object (computer science)
psu_CMPSC 451,Fast Fourier transform
psu_CMPSC 451,Approximation
psu_CMPSC 451,Interpolation
mit_6.152,Communication
mit_6.115,Communication
mit_6.115,Signal processing
mit_6.115,Robot
mit_6.115,Interface (computing)
cmu_15-451,Data (computing)
cmu_15-451,Algorithm
cmu_15-451,Cryptography
cmu_15-451,Graph (mathematics)
cmu_15-451,Data
cmu_15-451,Algorithm design
cmu_15-451,Analysis of algorithms
cmu_15-451,NP (complexity)
psu_CSE 557,Matrix (mathematics)
psu_CSE 557,Concurrency (computer science)
psu_CSE 557,Computation
illinois_CS 465,User interface design
illinois_CS 465,User interface
illinois_CS 465,Interface (computing)
cmu_15-319,Cloud computing
cmu_15-319,Data (computing)
cmu_15-319,Stack (data structure)
cmu_15-319,Data
cmu_15-319,MapReduce
cmu_15-319,Computing
cmu_15-319,Object (computer science)
cmu_15-319,Big data
cmu_15-319,Security
mit_6.871,Memory hierarchy
caltech_CS 24,Communication
caltech_CS 24,Interface (computing)
caltech_CS 24,Computer
caltech_CS 24,Computing
caltech_CS 24,Computer architecture
cmu_15-437,HTML
cmu_15-437,Scalability
cmu_15-437,JavaScript
cmu_15-437,Python (programming language)
cmu_15-437,Computer
cmu_15-437,Java (programming language)
cmu_15-437,Object (computer science)
cmu_15-437,Security
princeton_COS  451,Geometry
princeton_COS  451,Computer graphics
princeton_COS  451,Graphics
princeton_COS  451,Database
princeton_COS  451,Computer
princeton_COS  451,Robotics
princeton_COS  451,Computing
princeton_COS  451,Computational geometry
princeton_COS  451,Pattern recognition
iowa_CS:2420,Database design
iowa_CS:2420,Relational model
iowa_CS:2420,Database normalization
iowa_CS:2420,SQL
iowa_CS:2420,Database
iowa_CS:2420,Relational database
caltech_CS/CNS/EE 156,Statistics
caltech_CS/CNS/EE 156,Approximation
caltech_CS/CNS/EE 156,Pattern recognition
caltech_CS/CNS/EE 156,Computation
msu_CSE 435,Software engineering
illinois_CS 548,Complexity
illinois_CS 548,Machine learning
illinois_CS 548,Prediction
illinois_CS 548,Artificial intelligence
mit_6.865,Image
mit_6.865,Data (computing)
mit_6.865,Data
mit_6.865,Image processing
mit_6.865,Rendering (computer graphics)
mit_6.630,Computer
purdue_CS 53500,Geometry
purdue_CS 53500,Computer graphics
purdue_CS 53500,Problem solving
purdue_CS 53500,Graphics
purdue_CS 53500,Computer
stanford_CS 107E,Programming language
stanford_CS 107E,Data (computing)
stanford_CS 107E,Software development
stanford_CS 107E,Arithmetic
stanford_CS 107E,Data
stanford_CS 107E,Debugging
stanford_CS 107E,Computer
stanford_CS 107E,C (programming language)
cmu_15-449,Operating system
cmu_15-449,Computer
cmu_15-449,Integral
mit_6.450,Communication
mit_6.450,Data (computing)
mit_6.450,Data
mit_6.450,Entropy
msu_CSE 484,Natural language
msu_CSE 484,Question answering
msu_CSE 484,Natural language processing
mit_6.556,MATLAB
mit_6.556,Image
mit_6.556,Data (computing)
mit_6.556,Data
stanford_CS 265,Data analysis
stanford_CS 265,Data (computing)
stanford_CS 265,Machine learning
stanford_CS 265,Data
stanford_CS 265,Randomness
psu_CSE 542,Data (computing)
psu_CSE 542,Data
psu_CSE 542,Database
mit_6.003,Image
mit_6.003,Image processing
illinois_CS 574,Complexity
illinois_CS 574,Inequality (mathematics)
illinois_CS 574,Entropy
stanford_CS 157,Logic
stanford_CS 157,Predicate logic
illinois_CS 447,Machine translation
illinois_CS 447,Natural language
illinois_CS 447,Lexical semantics
illinois_CS 447,Part-of-speech tagging
illinois_CS 447,Parsing
illinois_CS 447,Natural language processing
illinois_CS 447,Syntax
illinois_CS 447,Semantics
"princeton_COS  432,ELE  432",Communication
"princeton_COS  432,ELE  432",Network security
"princeton_COS  432,ELE  432",Operating system
"princeton_COS  432,ELE  432",Computing
"princeton_COS  432,ELE  432",Information security
"princeton_COS  432,ELE  432",Security
illinois_CS 476,Data (computing)
illinois_CS 476,Formal methods
illinois_CS 476,Data
illinois_CS 476,Calculus
illinois_CS 420,Debugging
stanford_CS 221,Speech recognition
stanford_CS 221,Machine learning
stanford_CS 221,Logic
stanford_CS 221,Probability
stanford_CS 221,Robotics
stanford_CS 221,Mathematics
stanford_CS 221,Artificial intelligence
stanford_CS 221,Scheduling (computing)
stanford_CS 221,Computation
stanford_CS 106A,Programming style
stanford_CS 106A,Programming language
stanford_CS 106A,Abstraction (computer science)
stanford_CS 106A,Computer
stanford_CS 106A,Java (programming language)
stanford_CS 106A,Object (computer science)
stanford_CS 106A,Software engineering
mit_6.111,Communication
mit_6.111,Logic
mit_6.111,Graphics
mit_6.111,Synchronization
mit_6.437,Geometry
mit_6.437,Statistics
mit_6.437,Large deviations theory
mit_6.437,Asymptotic analysis
mit_6.437,Inference
mit_6.437,Statistical inference
mit_6.437,Prediction
mit_6.437,Approximation
mit_6.437,Entropy
mit_6.776,Communication
mit_6.776,Data (computing)
mit_6.776,Data
msu_CSE 260,Logic
msu_CSE 260,Probability
msu_CSE 260,Computer science
msu_CSE 260,Computer
msu_CSE 480,Database design
msu_CSE 480,Query optimization
msu_CSE 480,Data (computing)
msu_CSE 480,Transaction processing
msu_CSE 480,Data
msu_CSE 480,Database
msu_CSE 480,Object (computer science)
mit_6.161,Communication
mit_6.161,Signal processing
mit_6.071,Data (computing)
mit_6.071,Data
illinois_CS 233,Logic
illinois_CS 233,Computer
illinois_CS 233,Computer architecture
illinois_CS 233,Security
mit_6.268,Graph (mathematics)
illinois_CS 419,Geometry
illinois_CS 419,Computer graphics
illinois_CS 419,Visualization (computer graphics)
illinois_CS 419,Data (computing)
illinois_CS 419,Data
illinois_CS 419,Graphics
illinois_CS 419,Computer
illinois_CS 419,Rendering (computer graphics)
cmu_15-441,Network security
cmu_15-441,Computer
cmu_15-441,Routing
cmu_15-441,Peer-to-peer
cmu_15-441,Internet
cmu_15-441,Security
mit_6.875,Complexity
mit_6.875,Cryptography
mit_6.875,Encryption
mit_6.875,Cryptanalysis
psu_CMPSC 221,Programming language
psu_CMPSC 221,Graphics
psu_CMPSC 221,Object-oriented programming
psu_CMPSC 221,Java (programming language)
psu_CMPSC 221,Object (computer science)
cmu_15-411,Compiler
cmu_15-411,Memory management
cmu_15-411,Lexical analysis
mit_6.828,Virtual memory
mit_6.828,Communication
mit_6.828,File system
mit_6.828,Operating system
mit_6.828,Personal computer
mit_6.828,Computer
mit_6.828,C (programming language)
mit_6.828,Unix
psu_CMPSC 456,Matrix (mathematics)
psu_CMPSC 456,Approximation
psu_CMPSC 456,Numerical analysis
psu_CMPSC 456,Polynomial
maryland_CMSC 414,Network security
maryland_CMSC 414,Encryption
maryland_CMSC 414,Computer
maryland_CMSC 414,Authentication
maryland_CMSC 414,Internet
maryland_CMSC 414,Security
maryland_CMSC 414,Number theory
psu_CMPSC 302,Inheritance (object-oriented programming)
psu_CMPSC 302,Recursion
psu_CMPSC 302,Recursion (computer science)
caltech_CS 118,Formal verification
caltech_CS 118,Model checking
caltech_CS 118,Logic
cmu_15-390,Computer science
cmu_15-390,Computer
cmu_15-214,Data (computing)
cmu_15-214,Data
cmu_15-214,Concurrency (computer science)
cmu_15-214,Computer
cmu_15-214,Object (computer science)
stanford_CS 549,Computer
cmu_15-386,MATLAB
cmu_15-386,Signal processing
cmu_15-386,Inference
cmu_15-386,Information theory
cmu_15-386,Computation
stanford_CS 106B,Complexity
stanford_CS 106B,Programming language
stanford_CS 106B,Data (computing)
stanford_CS 106B,Abstraction (computer science)
stanford_CS 106B,Data
stanford_CS 106B,Recursion
stanford_CS 106B,C (programming language)
stanford_CS 106B,Object-oriented programming
stanford_CS 106B,Recursion (computer science)
stanford_CS 106B,Object (computer science)
stanford_CS 106B,Software engineering
illinois_CS 173,Algebra
illinois_CS 173,Computer science
illinois_CS 173,Recursion
illinois_CS 173,Computer
illinois_CS 173,Recursion (computer science)
mit_6.344,Image
mit_6.344,Signal processing
mit_6.344,Image processing
psu_CMPSC 460,Object-oriented programming
psu_CMPSC 460,Object (computer science)
msu_CSE 331,String (computer science)
msu_CSE 331,Data (computing)
msu_CSE 331,Graph (mathematics)
msu_CSE 331,Data
msu_CSE 331,Analysis of algorithms
psu_CMPSC 461,Programming language
illinois_CS 428,Software development
illinois_CS 428,Software engineering
iowa_CS:5610,Algorithm
iowa_CS:5610,Algorithm design
iowa_CS:5610,Pipeline (computing)
iowa_CS:5610,Computer
iowa_CS:5610,Parallel algorithm
iowa_CS:5610,Computer architecture
caltech_SS/CS 149,Economics
caltech_SS/CS 149,Computation
psu_CMPSC 436,Communication
psu_CMPSC 436,Data (computing)
psu_CMPSC 436,Data
psu_CMPSC 436,Routing
psu_CMPSC 436,Security
illinois_CS 438,Communication
illinois_CS 438,Data (computing)
illinois_CS 438,Data
illinois_CS 527,Software engineering
stanford_CS 193P,Programming language
stanford_CS 193P,User interface design
stanford_CS 193P,User interface
stanford_CS 193P,Memory management
stanford_CS 193P,Database
stanford_CS 193P,Mobile device
stanford_CS 193P,Interface (computing)
stanford_CS 193P,Object (computer science)
purdue_CS 53600,Packet switching
purdue_CS 53600,Communication
purdue_CS 53600,Data (computing)
purdue_CS 53600,Data
purdue_CS 53600,Computer
purdue_CS 53600,Server (computing)
purdue_CS 53600,Routing
purdue_CS 53600,Internet
purdue_CS 53600,Computation
mit_6.846,Shared memory
mit_6.846,Communication
mit_6.846,Data (computing)
mit_6.846,Graph (mathematics)
mit_6.846,Parallel computing
mit_6.846,Data
mit_6.846,Computer
mit_6.846,Computing
mit_6.846,Synchronization
mit_6.846,Computer architecture
mit_6.846,Cache coherence
mit_6.846,Message passing
mit_6.045,P versus NP problem
mit_6.045,Complexity
mit_6.045,Cryptography
mit_6.045,Computational learning theory
mit_6.045,Theoretical computer science
mit_6.045,Computer science
mit_6.045,Computer
mit_6.045,Randomness
mit_6.045,Computability
mit_6.045,Computing
mit_6.045,NP (complexity)
iowa_CS:4520,Computer graphics
iowa_CS:4520,Graphics
iowa_CS:4520,Computer
iowa_CS:4520,Ray tracing (graphics)
iowa_CS:4520,Rendering (computer graphics)
iowa_CS:4520,Shading
princeton_COS  518,Computer
msu_CSE 847,Data (computing)
msu_CSE 847,Data mining
msu_CSE 847,Machine learning
msu_CSE 847,Data
msu_CSE 847,Unsupervised learning
caltech_SS/CS 241,Computer science
caltech_SS/CS 241,Economics
caltech_SS/CS 241,Computer
caltech_SS/CS 241,Prediction
msu_CSE 335,Polymorphism (computer science)
msu_CSE 335,Inheritance (object-oriented programming)
msu_CSE 335,Software design
msu_CSE 335,Object-oriented programming
msu_CSE 335,Object (computer science)
iowa_CS:4330,Theory of computation
iowa_CS:4330,Computation
iowa_CS:3620,Communication
iowa_CS:3620,Memory management
iowa_CS:3620,Scheduling (computing)
iowa_CS:3620,Synchronization
iowa_CS:3620,Security
cmu_15-465,Motion capture
cmu_15-465,Computer science
cmu_15-465,Computer
psu_CMPSC 442,Artificial intelligence
mit_6.581,Feature extraction
mit_6.581,Algorithm
mit_6.172,Memory hierarchy
illinois_CS 565,Computer
cmu_15-322,Programming language
cmu_15-322,Computer
purdue_CS 63800,Computer science
purdue_CS 63800,Operating system
purdue_CS 63800,Computer
purdue_CS 63600,Communication
purdue_CS 63600,OSI model
purdue_CS 63600,Routing
purdue_CS 63600,Internet
stanford_CS 232,MATLAB
stanford_CS 232,Image
stanford_CS 232,Feature extraction
stanford_CS 232,Image processing
psu_CSE 539,Computer
psu_CSE 539,Computer architecture
mit_6.254,Game theory
mit_6.254,Communication
iowa_CS:5800,Communication
iowa_CS:5800,Software engineering
stanford_CS 367,Matrix (mathematics)
stanford_CS 367,Algorithm
stanford_CS 367,Graph (mathematics)
stanford_CS 367,Multiplication
mit_6.004,Instruction set
mit_6.004,Concurrency (computer science)
mit_6.004,Computation
stanford_CS 211,Virtual reality
cmu_15-610,Operating system
cmu_15-610,Computer
cmu_15-610,Integral
purdue_CS 51400,Numerical analysis
purdue_CS 51400,Polynomial
caltech_CS/CNS 174,Computer graphics
caltech_CS/CNS 174,Algorithm
caltech_CS/CNS 174,Graphics
caltech_CS/CNS 174,Computer
caltech_CS/CNS 174,Rendering (computer graphics)
cmu_15-405,Operating system
cmu_15-405,Computer
cmu_15-405,Integral
mit_6.673,Sparse matrix
mit_6.673,Matrix (mathematics)
mit_6.673,Finite difference
mit_6.673,Newton's method
mit_6.345,Speech recognition
stanford_CS 143,Compiler
stanford_CS 143,Program analysis
stanford_CS 143,Parsing
stanford_CS 143,Lexical analysis
stanford_CS 143,Object (computer science)
stanford_CS 143,Scope (computer science)
maryland_CMSC 456,Complexity
maryland_CMSC 456,Data (computing)
maryland_CMSC 456,Probability
maryland_CMSC 456,Data
maryland_CMSC 456,Computer science
maryland_CMSC 456,Computer
maryland_CMSC 456,Mathematics
maryland_CMSC 456,Number theory
cmu_15-321,MATLAB
cmu_15-321,Data (computing)
cmu_15-321,Python (programming language)
cmu_15-321,Data
cmu_15-321,Computer science
cmu_15-321,Perl
cmu_15-321,Computer
cmu_15-385,Image
cmu_15-385,Computer vision
cmu_15-385,Inference
cmu_15-385,Computer
stanford_CS 227B,Artificial intelligence
iowa_CS:4500,Computer
stanford_CS 166,Randomization
stanford_CS 166,Data (computing)
stanford_CS 166,Data
stanford_CS 166,Amortized analysis
maryland_CMSC 330,Inheritance (object-oriented programming)
maryland_CMSC 330,ML (programming language)
maryland_CMSC 330,C (programming language)
maryland_CMSC 330,Lisp (programming language)
maryland_CMSC 330,Object (computer science)
maryland_CMSC 330,Prolog
maryland_CMSC 330,Semantics
maryland_CMSC 330,Semantics of programming languages
maryland_CMSC 330,Scope (computer science)
psu_CSE 544,Operating system
psu_CSE 544,Computer
psu_CSE 544,Security
princeton_COS  513,Data analysis
princeton_COS  513,Data (computing)
princeton_COS  513,Statistics
princeton_COS  513,Data
mit_6.728,Quantum mechanics
psu_CMPSC 473,Computer
psu_CMPSC 473,Input/output
illinois_CS 426,Compiler
illinois_CS 426,Syntax
stanford_CS 255,Data (computing)
stanford_CS 255,Cryptography
stanford_CS 255,Encryption
stanford_CS 255,Computer security
stanford_CS 255,Data
stanford_CS 255,Computer
stanford_CS 255,Authentication
stanford_CS 255,Security
mit_6.131,Communication
mit_6.131,Computer
caltech_BE/CS/CNS/Bi 191,Complexity
caltech_BE/CS/CNS/Bi 191,Computation
mit_6.175,Virtual memory
mit_6.175,Microprocessor
mit_6.175,Arithmetic
mit_6.175,Logic
mit_6.175,Computer
mit_6.175,Prediction
mit_6.175,Computer architecture
mit_6.175,Cache coherence
cmu_15-251,Complexity
cmu_15-251,Game theory
cmu_15-251,Cryptography
cmu_15-251,Combinatorics
cmu_15-251,Algebra
cmu_15-251,Graph (mathematics)
cmu_15-251,Problem solving
cmu_15-251,Automata theory
cmu_15-251,Probability
cmu_15-251,Computer science
cmu_15-251,Probability theory
cmu_15-251,Graph theory
cmu_15-251,Computer
cmu_15-251,C (programming language)
purdue_CS 63500,Computer graphics
purdue_CS 63500,Visualization (computer graphics)
purdue_CS 63500,Image
purdue_CS 63500,Computer vision
purdue_CS 63500,Graphics
purdue_CS 63500,Computer
purdue_CS 63500,Rendering (computer graphics)
stanford_CS 231B,Computer vision
stanford_CS 231B,Computer
stanford_CS 231B,Scope (computer science)
iowa_CS:4740,Matrix (mathematics)
iowa_CS:4740,Visualization (computer graphics)
iowa_CS:4740,Data analysis
iowa_CS:4740,Data (computing)
iowa_CS:4740,Statistics
iowa_CS:4740,Cluster analysis
iowa_CS:4740,Parallel computing
iowa_CS:4740,Data
iowa_CS:4740,Computer science
iowa_CS:4740,PageRank
iowa_CS:4740,Computer
iowa_CS:4740,Computing
iowa_CS:4740,Mathematics
iowa_CS:4740,Big data
maryland_CMSC 424,Database design
maryland_CMSC 424,Query optimization
maryland_CMSC 424,Concurrency control
maryland_CMSC 424,Relational model
maryland_CMSC 424,Concurrency (computer science)
maryland_CMSC 424,Database
caltech_CS 138,Complexity
caltech_CS 138,Geometry
caltech_CS 138,Randomization
caltech_CS 138,String (computer science)
caltech_CS 138,Linear programming
caltech_CS 138,Data (computing)
caltech_CS 138,Cryptography
caltech_CS 138,Algebra
caltech_CS 138,Coding theory
caltech_CS 138,Data
caltech_CS 138,Linear algebra
caltech_CS 138,Analysis of algorithms
caltech_CS 138,Computer
caltech_CS 138,Number theory
caltech_CS 3,Software engineering
maryland_CMSC 351,Complexity
maryland_CMSC 351,Combinatorics
psu_CMPSC 448,Machine learning
psu_CMPSC 448,Artificial intelligence
cmu_15-312,Logic
cmu_15-312,Syntax
cmu_15-312,Semantics
cmu_15-312,Computation
caltech_CS 2,Data (computing)
caltech_CS 2,Algorithm
caltech_CS 2,Dynamic programming
caltech_CS 2,Data
caltech_CS 2,Computer science
caltech_CS 2,Algorithm design
caltech_CS 2,Concurrency (computer science)
caltech_CS 2,Debugging
caltech_CS 2,Recursion
caltech_CS 2,Computer
caltech_CS 2,Recursion (computer science)
caltech_CS 2,Computation
illinois_CS 210,Computing
mit_6.456,Data (computing)
mit_6.456,Algorithm
mit_6.456,Statistics
mit_6.456,Data
msu_CSE 422,Computer network
msu_CSE 422,Data (computing)
msu_CSE 422,Data
msu_CSE 422,Computer
msu_CSE 422,Routing
stanford_CS 316,Complexity
stanford_CS 316,Superscalar
stanford_CS 316,Graphics
stanford_CS 316,Server (computing)
stanford_CS 316,Cache coherence
stanford_CS 316,Security
psu_CMPSC 485W,Computer science
psu_CMPSC 485W,Computer
mit_6.0002,Data (computing)
mit_6.0002,Statistics
mit_6.0002,Probability
mit_6.0002,Data
mit_6.0002,Stochastic
mit_6.0002,Computation
cmu_15-295,Communication
cmu_15-295,Problem solving
cmu_15-295,Debugging
caltech_CS 151,Complexity
caltech_CS 151,Randomness
psu_CMPSC 463,Graph (mathematics)
psu_CMPSC 463,Analysis of algorithms
psu_CMPSC 463,NP (complexity)
psu_CMPSC 463,Approximation
psu_CMPSC 444,Programming language
psu_CMPSC 444,Cryptography
psu_CMPSC 444,Software design
illinois_CS 422,Programming language
illinois_CS 422,Functional programming
psu_CMPSC 457,Computer graphics
psu_CMPSC 457,Graphics
psu_CMPSC 457,Computer
psu_CMPSC 457,3D modeling
caltech_CS 150,Communication
caltech_CS 150,Probability
caltech_CS 150,Computation
mit_6.033,Complexity
mit_6.033,Communication
mit_6.033,Computer software
mit_6.033,Atomicity (database systems)
mit_6.033,Computer
mit_6.033,Server (computing)
mit_6.033,Security
stanford_CS 261,Linear programming
stanford_CS 261,Analysis of algorithms
stanford_CS 261,NP (complexity)
stanford_CS 261,Approximation
stanford_CS 261,NP-complete
stanford_CS 261,Scheduling (computing)
caltech_CS 176,Computer graphics
caltech_CS 176,Image
caltech_CS 176,Geometric modeling
caltech_CS 176,Motion capture
caltech_CS 176,Graphics
caltech_CS 176,Computer
caltech_CS 176,Rendering (computer graphics)
mit_6.830,Query optimization
mit_6.830,Data (computing)
mit_6.830,Concurrency control
mit_6.830,Data
mit_6.830,Concurrency (computer science)
mit_6.830,Database
cmu_15-418,Communication
cmu_15-418,Data (computing)
cmu_15-418,Data
cmu_15-418,Computer
cmu_15-418,Computer architecture
maryland_CMSC 131,Computer science
maryland_CMSC 131,Computer
maryland_CMSC 131,Object-oriented programming
maryland_CMSC 131,Java (programming language)
maryland_CMSC 131,Object (computer science)
psu_CSE 565,Algorithm
psu_CSE 565,Algorithm design
msu_CSE 131,Problem solving
msu_CSE 131,Computing
stanford_CS 167,Data (computing)
stanford_CS 167,Graph (mathematics)
stanford_CS 167,Data
stanford_CS 167,Analysis of algorithms
stanford_CS 167,NP (complexity)
psu_CSE 545,Network security
psu_CSE 545,Security
iowa_CS:5520,Computer graphics
iowa_CS:5520,Volume rendering
iowa_CS:5520,Graphics
iowa_CS:5520,Computer
iowa_CS:5520,Rendering (computer graphics)
caltech_CS 4,Complexity
caltech_CS 4,Computer programming
caltech_CS 4,Programming language
caltech_CS 4,Data (computing)
caltech_CS 4,Abstraction (computer science)
caltech_CS 4,Functional programming
caltech_CS 4,Data
caltech_CS 4,Recursion
caltech_CS 4,Computer
caltech_CS 4,Object-oriented programming
caltech_CS 4,Recursion (computer science)
caltech_CS 4,Object (computer science)
caltech_CS 4,Computation
stanford_CS 110,Complexity
stanford_CS 110,Virtual memory
stanford_CS 110,Encryption
stanford_CS 110,Computer software
stanford_CS 110,Atomicity (database systems)
stanford_CS 110,Computer
stanford_CS 110,Server (computing)
stanford_CS 110,Security
iowa_CS:4980,Computer science
iowa_CS:4980,Computer
illinois_CS 544,Computer vision
illinois_CS 544,Machine learning
illinois_CS 544,Parsing
illinois_CS 544,Computer
illinois_CS 544,Newton's method
psu_CMPSC 470,Compiler
psu_CMPSC 470,Parsing
psu_CMPSC 470,Garbage collection (computer science)
illinois_CS 511,Data (computing)
illinois_CS 511,Transaction processing
illinois_CS 511,Data
illinois_CS 533,Data (computing)
illinois_CS 533,Data
illinois_CS 533,Pipeline (computing)
illinois_CS 533,Computer
illinois_CS 533,Computer architecture
illinois_CS 533,Computation
mit_6.872,Data (computing)
mit_6.872,Data
mit_6.872,Bioinformatics
mit_6.872,Computing
mit_6.872,Security
illinois_CS 512,Data (computing)
illinois_CS 512,Data mining
illinois_CS 512,Data
illinois_CS 512,Security
mit_6.858,Operating system
mit_6.858,Computer
mit_6.858,Security
iowa_CS:4340,Complexity
iowa_CS:4340,NP (complexity)
iowa_CS:4340,Approximation
iowa_CS:4340,Computation
maryland_CMSC 417,Communication
maryland_CMSC 417,OSI model
maryland_CMSC 417,Computer
caltech_CMS/CS/CNS/EE 155,Data (computing)
caltech_CMS/CS/CNS/EE 155,Data mining
caltech_CMS/CS/CNS/EE 155,Machine learning
caltech_CMS/CS/CNS/EE 155,Data
maryland_CMSC 423,Data (computing)
maryland_CMSC 423,Data
maryland_CMSC 423,Bioinformatics
msu_CSE 498,Communication
princeton_COS  429,Data (computing)
princeton_COS  429,Computer vision
princeton_COS  429,Data
princeton_COS  429,Computer
princeton_COS  429,Object (computer science)
cmu_15-355,Algebra
cmu_15-355,Computer
cmu_15-355,Polynomial
cmu_15-355,Computation
mit_6.820,Program analysis
mit_6.820,Model checking
mit_6.820,Haskell (programming language)
mit_6.820,Semantics
mit_6.806,Machine translation
mit_6.806,Natural language
mit_6.806,Machine learning
mit_6.806,Parsing
mit_6.806,Natural language processing
iowa_CS:2210,Algorithm
iowa_CS:2210,Combinatorics
iowa_CS:2210,Logic
iowa_CS:2210,Computer science
iowa_CS:2210,Computer
stanford_CS 149,Shared memory
stanford_CS 149,Data (computing)
stanford_CS 149,Parallel computing
stanford_CS 149,Data
stanford_CS 149,Atomicity (database systems)
stanford_CS 149,Computer
stanford_CS 149,Computing
stanford_CS 149,Synchronization
stanford_CS 149,Message passing
mit_6.552,Signal processing
mit_6.552,Stochastic
maryland_CMSC 426,Image
maryland_CMSC 426,Data (computing)
maryland_CMSC 426,Fourier analysis
maryland_CMSC 426,Data
maryland_CMSC 426,Computer
maryland_CMSC 426,Input/output
maryland_CMSC 426,Image processing
stanford_CS 327A,Robot
cmu_15-466,Computer
cmu_15-466,Scheduling (computing)
stanford_CS 229,Dynamic programming
stanford_CS 229,Machine learning
stanford_CS 229,Reinforcement learning
stanford_CS 229,Exponential family
stanford_CS 229,Kernel (computing)
stanford_CS 229,Pattern recognition
mit_6.869,Image
mit_6.869,Computer vision
mit_6.869,Machine learning
mit_6.869,Graphics
mit_6.869,Interface (computing)
mit_6.869,Computer
mit_6.869,Object (computer science)
mit_6.869,Rendering (computer graphics)
psu_CMPSC 471,Compiler
psu_CMPSC 471,Parsing
psu_CMPSC 471,Lexical analysis
msu_CSE 473,Computer
msu_CSE 473,Shading
cmu_15-440,Communication
cmu_15-440,Problem solving
cmu_15-440,Abstraction (computer science)
cmu_15-440,Concurrency (computer science)
cmu_15-440,Debugging
cmu_15-440,C (programming language)
cmu_15-440,Java (programming language)
cmu_15-440,Scheduling (computing)
cmu_15-455,Complexity
cmu_15-455,PSPACE
cmu_15-455,Randomness
cmu_15-455,NP (complexity)
mit_6.036,Machine learning
mit_6.036,Prediction
stanford_CS 144,Packet switching
stanford_CS 144,Congestion control
stanford_CS 144,Network security
stanford_CS 144,Computer
stanford_CS 144,Routing
stanford_CS 144,Security
purdue_CS 61500,Finite element method
purdue_CS 61500,Finite difference
illinois_CS 450,Least squares
illinois_CS 450,Linear system
illinois_CS 450,Approximation
illinois_CS 450,Interpolation
illinois_CS 450,Numerical analysis
illinois_CS 526,Compiler
psu_CSE 511,User interface
psu_CSE 511,Memory management
psu_CSE 511,Interface (computing)
psu_CSE 511,Kernel (computing)
psu_CSE 511,Security
illinois_CS 446,Natural language
illinois_CS 446,Data (computing)
illinois_CS 446,Data mining
illinois_CS 446,Computer vision
illinois_CS 446,Machine learning
illinois_CS 446,Data
illinois_CS 446,Computer
illinois_CS 446,Unsupervised learning
stanford_CS 145,Database design
stanford_CS 145,Algebra
stanford_CS 145,Relational model
stanford_CS 145,SQL
stanford_CS 145,Database
stanford_CS 145,Relational algebra
mit_6.251,Linear programming
mit_6.251,Integer
mit_6.251,NP (complexity)
psu_CMPSC 122,Data (computing)
psu_CMPSC 122,Data
psu_CMPSC 122,Recursion
psu_CMPSC 122,Object-oriented programming
psu_CMPSC 122,Recursion (computer science)
psu_CMPSC 122,Object (computer science)
iowa_CS:5810,Formal methods
iowa_CS:5810,Software engineering
maryland_CMSC 132,Object-oriented programming
maryland_CMSC 132,Java (programming language)
maryland_CMSC 132,Object (computer science)
maryland_CMSC 132,Software engineering
psu_CMPSC 312,Data (computing)
psu_CMPSC 312,Instruction set
psu_CMPSC 312,Logic
psu_CMPSC 312,Memory hierarchy
psu_CMPSC 312,Data
psu_CMPSC 312,Computer
cmu_15-463,Computer graphics
cmu_15-463,Image
cmu_15-463,Computer vision
cmu_15-463,Image analysis
cmu_15-463,Graphics
cmu_15-463,Computer
caltech_CS 142,Cloud computing
caltech_CS 142,Data (computing)
caltech_CS 142,Statistics
caltech_CS 142,Machine learning
caltech_CS 142,Data
caltech_CS 142,Computing
caltech_CS 142,Distributed computing
mit_6.854,Geometry
mit_6.854,Linear programming
mit_6.854,Data (computing)
mit_6.854,Data
mit_6.854,Approximation
mit_6.854,Computational geometry
cmu_15-349,Network security
cmu_15-349,Cryptography
cmu_15-349,Vulnerability (computing)
cmu_15-349,Computer security
cmu_15-349,Computer science
cmu_15-349,Computer
cmu_15-349,Security
cmu_15-381,Natural language
cmu_15-381,Data (computing)
cmu_15-381,Uncertainty
cmu_15-381,Problem solving
cmu_15-381,Probability
cmu_15-381,Data
cmu_15-381,Robotics
cmu_15-381,Artificial intelligence
cmu_15-381,Natural language processing
iowa_CS:2111,Python (programming language)
purdue_CS 55500,Complexity
purdue_CS 55500,Data (computing)
purdue_CS 55500,Cryptography
purdue_CS 55500,Traffic analysis
purdue_CS 55500,Encryption
purdue_CS 55500,Data
purdue_CS 55500,Information theory
purdue_CS 55500,Security
purdue_CS 55500,Number theory
mit_6.829,Congestion control
mit_6.829,Network security
mit_6.829,Computer
mit_6.829,Routing
mit_6.829,Peer-to-peer
mit_6.829,Internet
mit_6.829,Security
msu_CSE 471,Data (computing)
msu_CSE 471,Data
msu_CSE 471,Computing
msu_CSE 460,Formal language
msu_CSE 460,Computability
msu_CSE 460,Computation
iowa_CS:5620,Data (computing)
iowa_CS:5620,Graph (mathematics)
iowa_CS:5620,Distributed algorithms
iowa_CS:5620,Data
iowa_CS:5620,Mutual exclusion
mit_6.441,Variable (computer science)
mit_6.441,Information theory
stanford_CS 249A,Inheritance (object-oriented programming)
stanford_CS 249A,Software development
stanford_CS 249A,Interface (computing)
stanford_CS 249A,Object-oriented programming
stanford_CS 249A,Object (computer science)
stanford_CS 154,P versus NP problem
stanford_CS 154,Complexity
stanford_CS 154,Computer science
stanford_CS 154,PSPACE
stanford_CS 154,Computer
stanford_CS 154,Computing
stanford_CS 154,Mathematics
stanford_CS 154,NP (complexity)
stanford_CS 154,NP-complete
stanford_CS 154,Computation
psu_CMPSC 201,C (programming language)
stanford_CS 190,Complexity
stanford_CS 190,Software design
illinois_CS 225,Programming language
illinois_CS 225,Data (computing)
illinois_CS 225,Data
illinois_CS 225,Analysis of algorithms
illinois_CS 225,Object-oriented programming
illinois_CS 225,Object (computer science)
illinois_CS 573,Linear programming
illinois_CS 573,Computer science
illinois_CS 573,Computer
illinois_CS 573,NP (complexity)
illinois_CS 573,Approximation
maryland_CMSC 733,Image
maryland_CMSC 733,Data (computing)
maryland_CMSC 733,Data
maryland_CMSC 733,Graphics
maryland_CMSC 733,Computer
maryland_CMSC 733,Approximation
maryland_CMSC 733,Pattern recognition
psu_CMPSC 430,Database design
psu_CMPSC 430,Database
psu_CMPSC 430,Relational database
stanford_CS 196,Operating system
stanford_CS 196,Computer
stanford_CS 196,Computing
stanford_CS 196,Security
cmu_15-369,Speech recognition
cmu_15-369,Computing
illinois_CS 466,Dynamic programming
illinois_CS 466,Bioinformatics
mit_6.637,Communication
mit_6.637,Signal processing
psu_CMPSC 475,Computing
stanford_CS 205A,Algebra
stanford_CS 205A,Linear algebra
stanford_CS 205A,Graphics
stanford_CS 205A,Calculus
stanford_CS 205A,Robotics
stanford_CS 205A,Tensor
stanford_CS 205A,Mathematics
mit_6.241,Least squares
mit_6.241,Matrix (mathematics)
psu_CSE 552,Finite difference
illinois_CS 429,Software engineering
msu_CSE 251,Data (computing)
msu_CSE 251,Data
msu_CSE 251,C (programming language)
illinois_CS 579,Complexity
illinois_CS 579,PSPACE
illinois_CS 579,Randomness
illinois_CS 579,NP (complexity)
illinois_CS 579,Polynomial
msu_CSE 425,Network security
msu_CSE 425,Cryptography
msu_CSE 425,Computer security
msu_CSE 425,Computer
msu_CSE 425,Cryptanalysis
msu_CSE 425,Security
psu_CSE 532,Scheduling (computing)
mit_6.824,File system
mit_6.824,Computer
mit_6.824,C (programming language)
mit_6.824,Server (computing)
mit_6.824,Peer-to-peer
mit_6.824,Security
msu_CSE 450,Programming language
msu_CSE 450,Parsing
mit_6.S04,Data (computing)
mit_6.S04,Python (programming language)
mit_6.S04,Data
mit_6.S04,Software design
mit_6.S04,Recursion
mit_6.S04,Recursion (computer science)
mit_6.S04,Software engineering
msu_CSE 472,Geometry
msu_CSE 472,Computer graphics
msu_CSE 472,Graphics
msu_CSE 472,Computer
msu_CSE 472,Rendering (computer graphics)
msu_CSE 472,Shading
mit_6.005,Data (computing)
mit_6.005,Deadlock
mit_6.005,Software development
mit_6.005,Functional programming
mit_6.005,Data
mit_6.005,Concurrency (computer science)
mit_6.005,Object-oriented programming
mit_6.005,Object (computer science)
mit_6.005,Message passing
stanford_CS 243,Data (computing)
stanford_CS 243,Program analysis
stanford_CS 243,Software development
stanford_CS 243,Data
stanford_CS 243,Garbage collection (computer science)
stanford_CS 243,Scheduling (computing)
stanford_CS 243,Security
princeton_COS  340,Data (computing)
princeton_COS  340,Cryptography
princeton_COS  340,Combinatorics
princeton_COS  340,Uncertainty
princeton_COS  340,Probability
princeton_COS  340,Data
princeton_COS  340,Computer science
princeton_COS  340,Computer
princeton_COS  340,NP (complexity)
princeton_COS  340,Computation
illinois_CS 528,Object (computer science)
iowa_CS:1110,Python (programming language)
iowa_CS:1110,Computer science
iowa_CS:1110,Computer
iowa_CS:1110,Security
stanford_CS 448J,Image
stanford_CS 448J,Wavelet
stanford_CS 448J,Algebra
stanford_CS 448J,Image analysis
stanford_CS 448J,Fourier analysis
stanford_CS 448J,Linear algebra
stanford_CS 448J,Calculus
stanford_CS 448J,Computing
stanford_CS 448J,Interpolation
illinois_CS 427,Software development
illinois_CS 427,Object (computer science)
illinois_CS 427,Software engineering
stanford_CS 155,Network security
stanford_CS 155,Operating system
stanford_CS 155,Computer
stanford_CS 155,Malware
stanford_CS 155,Security
stanford_CS 194H,User interface design
stanford_CS 194H,User interface
stanford_CS 194H,Interface (computing)
stanford_CS 194H,Computing
mit_6.034,Inheritance (object-oriented programming)
mit_6.034,Inference
mit_6.034,Statistical inference
mit_6.034,Artificial intelligence
maryland_CMSC 451,Complexity
maryland_CMSC 451,Algorithm
maryland_CMSC 451,Graph (mathematics)
maryland_CMSC 451,Dynamic programming
maryland_CMSC 451,Algorithm design
maryland_CMSC 451,Computer
maryland_CMSC 451,NP (complexity)
mit_6.857,Cryptography
mit_6.857,Web browser
mit_6.857,Encryption
mit_6.857,Computer security
mit_6.857,Computer
mit_6.857,Authentication
mit_6.857,Public-key cryptography
mit_6.857,Cryptanalysis
mit_6.857,Security
illinois_CS 433,Instruction set
illinois_CS 433,Memory hierarchy
illinois_CS 433,Pipeline (computing)
illinois_CS 433,Computer
psu_CSE 530,Computer
psu_CSE 530,Computer architecture
stanford_CS 476A,Software design
stanford_CS 476A,Computer
stanford_CS 476A,Computing
maryland_CMSC 430,Program analysis
maryland_CMSC 430,Parsing
maryland_CMSC 430,Lexical analysis
cmu_15-491,Communication
cmu_15-491,Robot
cmu_15-491,Object (computer science)
cmu_15-491,Computation
iowa_CS:3910,Database
iowa_CS:3910,Database system
msu_CSE 477,World Wide Web
msu_CSE 477,Server (computing)
mit_6.815,Image
mit_6.815,Data (computing)
mit_6.815,Data
mit_6.815,Image processing
mit_6.815,Rendering (computer graphics)
msu_CSE 101,Communication
msu_CSE 101,Computing
msu_CSE 201,Computer security
msu_CSE 201,Computer
msu_CSE 201,Internet
msu_CSE 201,Security
caltech_CS 153,Theoretical computer science
caltech_CS 153,Computer science
caltech_CS 153,Computer
stanford_CS 92SI,Programming language
stanford_CS 92SI,Data (computing)
stanford_CS 92SI,Python (programming language)
stanford_CS 92SI,Data
stanford_CS 92SI,Scripting language
stanford_CS 92SI,Object (computer science)
psu_CMPSC 474,Concurrency (computer science)
psu_CMPSC 474,Operating system
psu_CMPSC 474,Server (computing)
psu_CMPSC 474,Computing
psu_CMPSC 474,Synchronization
princeton_COS  326,Data (computing)
princeton_COS  326,Abstraction (computer science)
princeton_COS  326,Functional programming
princeton_COS  326,Data
princeton_COS  326,Modular programming
mit_6.835,Interface (computing)
mit_6.101,Communication
mit_6.101,Debugging
caltech_BE/CS 196,Data (computing)
caltech_BE/CS 196,Logic
caltech_BE/CS 196,Data
caltech_BE/CS 196,Computer science
caltech_BE/CS 196,Computer
stanford_CS 142,HTML
stanford_CS 142,Scalability
stanford_CS 142,JavaScript
stanford_CS 142,Server (computing)
stanford_CS 142,Object (computer science)
stanford_CS 142,Security
mit_6.231,Dynamic programming
mit_6.231,Stochastic
mit_6.231,Scheduling (computing)
msu_CSE 841,Computer vision
msu_CSE 841,Computer
msu_CSE 841,Robotics
msu_CSE 841,Artificial intelligence
mit_6.336,Matrix (mathematics)
mit_6.336,Integral
cmu_15-346,Computer
cmu_15-346,Computing
cmu_15-346,Computer architecture
mit_6.245,MATLAB
mit_6.245,Computer
princeton_COS  318,Virtual memory
princeton_COS  318,Operating system
iowa_CS:3640,Communication
psu_CMPSC 465,Data (computing)
psu_CMPSC 465,Data
psu_CMPSC 465,Computer science
psu_CMPSC 465,Analysis of algorithms
psu_CMPSC 465,Recursion
psu_CMPSC 465,Computer
psu_CMPSC 465,Recursion (computer science)
mit_6.02,Communication
mit_6.02,Abstraction (computer science)
illinois_CS 373,Halting problem
illinois_CS 373,Theory of computation
illinois_CS 373,Computability
illinois_CS 373,Computation
psu_CMPSC 472,Memory management
psu_CMPSC 472,Operating system
psu_CMPSC 472,Scheduling (computing)
psu_CMPSC 472,Security
stanford_CS 240H,Programming language
stanford_CS 240H,Performance tuning
stanford_CS 240H,Concurrency (computer science)
stanford_CS 240H,Debugging
stanford_CS 240H,Haskell (programming language)
stanford_CS 240H,Security
caltech_CS 122,Transaction processing
caltech_CS 122,Concurrency control
caltech_CS 122,Concurrency (computer science)
caltech_CS 122,Database
caltech_CS 122,Relational database
caltech_CS 122,Database system
caltech_CS 122,Software engineering
illinois_CS 440,Natural language
illinois_CS 440,Problem solving
illinois_CS 440,Computer vision
illinois_CS 440,Machine learning
illinois_CS 440,Inference
illinois_CS 440,Computer
illinois_CS 440,Robotics
illinois_CS 440,Lisp (programming language)
illinois_CS 440,Artificial intelligence
illinois_CS 440,Prolog
mit_6.850,Linear programming
mit_6.850,Data (computing)
mit_6.850,Motion planning
mit_6.850,Data
mit_6.850,Analysis of algorithms
mit_6.850,Pattern matching
mit_6.850,Computing
mit_6.864,Machine translation
mit_6.864,Natural language
mit_6.864,Machine learning
mit_6.864,Parsing
mit_6.864,Natural language processing
maryland_CMSC 435,Software design
maryland_CMSC 435,Structured programming
maryland_CMSC 435,Programmer
maryland_CMSC 435,Software engineering
mit_6.836,Scalability
mit_6.836,Data (computing)
mit_6.836,Data
mit_6.836,Scheduling (computing)
mit_6.836,Synchronization
princeton_COS  597B,Model checking
princeton_COS  597B,Computer science
princeton_COS  597B,Computer
princeton_COS  597B,Syntax
stanford_CS 231M,Image
stanford_CS 231M,Feature extraction
stanford_CS 231M,Computer vision
stanford_CS 231M,Software development
stanford_CS 231M,Graphics
stanford_CS 231M,Computer
stanford_CS 231M,Object (computer science)
stanford_CS 231M,Image processing
illinois_CS 554,Algebra
illinois_CS 554,Linear algebra
mit_6.720,MATLAB
stanford_CS 348B,Computer graphics
stanford_CS 348B,Image
stanford_CS 348B,Volume rendering
stanford_CS 348B,Graphics
stanford_CS 348B,Computer
stanford_CS 348B,Ray tracing (graphics)
stanford_CS 348B,Rendering (computer graphics)
mit_6.0001,Complexity
mit_6.0001,Data (computing)
mit_6.0001,Python (programming language)
mit_6.0001,Data
mit_6.0001,Computer science
mit_6.0001,Debugging
mit_6.0001,Computer
mit_6.0001,Computation
"princeton_ELE  475,COS  475",Data (computing)
"princeton_ELE  475,COS  475",Data
"princeton_ELE  475,COS  475",Computer
"princeton_ELE  475,COS  475",Computer architecture
purdue_CS 52600,Authentication
purdue_CS 52600,Information security
purdue_CS 52600,Security
purdue_CS 54200,Database
purdue_CS 54200,Computer
mit_6.838,Computer graphics
mit_6.838,Graphics
mit_6.838,Computer
illinois_CS 475,Complexity
illinois_CS 475,Halting problem
illinois_CS 475,Computability
illinois_CS 475,Computation
"princeton_COS  375,ELE  375",Complexity
"princeton_COS  375,ELE  375",Virtual memory
"princeton_COS  375,ELE  375",Instruction set
"princeton_COS  375,ELE  375",Computer
"princeton_COS  375,ELE  375",Computer architecture
mit_6.701,Computation
cmu_15-317,Logic
cmu_15-317,Functional programming
cmu_15-317,Computer science
cmu_15-317,Computer
illinois_CS 519,Visualization (computer graphics)
illinois_CS 519,Data (computing)
illinois_CS 519,Data
illinois_CS 519,Tensor
illinois_CS 519,Computational science
illinois_CS 519,Scientific visualization
stanford_CS 242,Program analysis
stanford_CS 242,Software development
stanford_CS 242,Concurrency (computer science)
stanford_CS 242,Object (computer science)
stanford_CS 242,Security
mit_6.832,Motion planning
mit_6.832,Reinforcement learning
mit_6.832,Robotics
psu_CSE 550,Least squares
psu_CSE 550,Sparse matrix
psu_CSE 550,Matrix (mathematics)
psu_CSE 550,Algebra
psu_CSE 550,Eigenvalues and eigenvectors
psu_CSE 550,Linear algebra
psu_CSE 550,Computation
cmu_15-421,Cryptography
cmu_15-421,Authentication
cmu_15-421,Integral
cmu_15-421,Information security
cmu_15-421,Internet
cmu_15-421,Security
maryland_CMSC 725,Geometry
maryland_CMSC 725,Computer graphics
maryland_CMSC 725,Image
maryland_CMSC 725,Data (computing)
maryland_CMSC 725,Data
maryland_CMSC 725,Graphics
maryland_CMSC 725,Computer
maryland_CMSC 725,Computational geometry
maryland_CMSC 725,Image processing
cmu_15-313,Software engineering
purdue_CS 61400,Finite difference
caltech_EE/CS 53,Microprocessor
psu_CMPSC 484,Computer science
psu_CMPSC 484,Computer
illinois_CS 523,Virtual memory
illinois_CS 523,Communication
illinois_CS 523,Data (computing)
illinois_CS 523,File system
illinois_CS 523,Data
illinois_CS 523,Operating system
illinois_CS 523,Computer
illinois_CS 523,Security
mit_6.839,Geometry
mit_6.839,Computer graphics
mit_6.839,Statistics
mit_6.839,Geometric modeling
mit_6.839,Graphics
mit_6.839,Computer
mit_6.839,Computing
mit_6.839,Mathematics
mit_6.839,Computational geometry
mit_6.839,Rendering (computer graphics)
mit_6.438,Data (computing)
mit_6.438,Algorithm
mit_6.438,Inference
mit_6.438,Statistical inference
mit_6.438,Data
psu_CMPSC 497B,Security
"princeton_COS  126,EGR  126",Data analysis
"princeton_COS  126,EGR  126",Data (computing)
"princeton_COS  126,EGR  126",Data
"princeton_COS  126,EGR  126",Computer science
"princeton_COS  126,EGR  126",Computer
"princeton_COS  126,EGR  126",Computing
"princeton_COS  126,EGR  126",Java (programming language)
"princeton_COS  126,EGR  126",Computation
psu_CSE 597A,Geometry
psu_CSE 597A,Image
psu_CSE 597A,Algebra
psu_CSE 597A,Graph (mathematics)
psu_CSE 597A,Image analysis
psu_CSE 597A,Analysis of algorithms
psu_CSE 597A,Graph theory
psu_CSE 597A,Mathematics
psu_CSE 597A,Discrete mathematics
cmu_15-351,Data (computing)
cmu_15-351,Dynamic programming
cmu_15-351,Data
cmu_15-351,Computer science
cmu_15-351,Analysis of algorithms
cmu_15-351,Computer
cmu_15-351,Integer
cmu_15-351,NP (complexity)
cmu_15-351,Run time (program lifecycle phase)
mit_6.142,Embedded system
mit_6.142,Robotics
mit_6.142,Mechanical engineering
stanford_CS 161,Randomization
stanford_CS 161,String (computer science)
stanford_CS 161,Data (computing)
stanford_CS 161,Algorithm
stanford_CS 161,Graph (mathematics)
stanford_CS 161,Dynamic programming
stanford_CS 161,Data
stanford_CS 161,Algorithm design
stanford_CS 161,Analysis of algorithms
stanford_CS 161,Spanning tree
stanford_CS 161,Amortized analysis
stanford_CS 231A,Image
stanford_CS 231A,Computer vision
stanford_CS 231A,Computer
stanford_CS 231A,Object (computer science)
stanford_CS 231A,Image processing
stanford_CS 239,Dynamic programming
stanford_CS 239,Reinforcement learning
stanford_CS 239,Robotics
illinois_CS 431,Data (computing)
illinois_CS 431,Embedded system
illinois_CS 431,Microprocessor
illinois_CS 431,Signal processing
illinois_CS 431,Data
illinois_CS 431,Interface (computing)
maryland_CMSC 631,Data (computing)
maryland_CMSC 631,Program analysis
maryland_CMSC 631,Inheritance (object-oriented programming)
maryland_CMSC 631,Abstraction (computer science)
maryland_CMSC 631,Data
maryland_CMSC 631,ML (programming language)
maryland_CMSC 631,Denotational semantics
maryland_CMSC 631,Object-oriented programming
maryland_CMSC 631,Object (computer science)
maryland_CMSC 631,Semantics
mit_6.932,Data (computing)
mit_6.932,Data
stanford_CS 108,Graphical user interface
stanford_CS 108,User interface
stanford_CS 108,Software design
stanford_CS 108,Interface (computing)
stanford_CS 108,Java (programming language)
stanford_CS 108,Object (computer science)
stanford_CS 108,Software engineering
caltech_Ma/CS 6,Complexity
caltech_Ma/CS 6,First-order logic
caltech_Ma/CS 6,Linear programming
caltech_Ma/CS 6,Cryptography
caltech_Ma/CS 6,Graph (mathematics)
caltech_Ma/CS 6,Logic
caltech_Ma/CS 6,Graph theory
caltech_Ma/CS 6,Computability
caltech_Ma/CS 6,Mathematics
caltech_Ma/CS 6,NP (complexity)
caltech_Ma/CS 6,Syntax
caltech_Ma/CS 6,Semantics
caltech_Ma/CS 6,Discrete mathematics
maryland_CMSC 216,Floating point
maryland_CMSC 216,Data (computing)
maryland_CMSC 216,Data
maryland_CMSC 216,Thread (computer science)
maryland_CMSC 216,Computer
iowa_CS:4400,SQL
iowa_CS:4400,Database
stanford_CS 374,Computing
msu_CSE 232,Data structure
msu_CSE 232,Data (computing)
msu_CSE 232,Algorithm
msu_CSE 232,Abstraction (computer science)
msu_CSE 232,Dynamic memory allocation
msu_CSE 232,Data
msu_CSE 232,Generic programming
msu_CSE 232,C (programming language)
msu_CSE 232,Object (computer science)
stanford_CS 248,Geometry
stanford_CS 248,Computer graphics
stanford_CS 248,Image
stanford_CS 248,Geometric modeling
stanford_CS 248,Motion capture
stanford_CS 248,Graphics
stanford_CS 248,Personal computer
stanford_CS 248,Computer
stanford_CS 248,Server (computing)
stanford_CS 248,Computational geometry
stanford_CS 248,Rendering (computer graphics)
psu_CMPSC 443,Network security
psu_CMPSC 443,Computer security
psu_CMPSC 443,Operating system
psu_CMPSC 443,Computer
psu_CMPSC 443,Internet
psu_CMPSC 443,Security
cmu_15-492,Data (computing)
cmu_15-492,Speech recognition
cmu_15-492,Machine learning
cmu_15-492,Data
mit_6.845,Complexity
mit_6.845,Communication
mit_6.845,Computational complexity theory
caltech_CS 21,Computer science
caltech_CS 21,Computer
caltech_CS 21,NP (complexity)
caltech_CS 21,Computation
mit_6.267,Scalability
cmu_15-415,Database design
cmu_15-415,Query optimization
cmu_15-415,Data (computing)
cmu_15-415,Algebra
cmu_15-415,Transaction processing
cmu_15-415,Concurrency control
cmu_15-415,Abstraction (computer science)
cmu_15-415,Data
cmu_15-415,Concurrency (computer science)
cmu_15-415,Calculus
cmu_15-415,SQL
cmu_15-415,Database
cmu_15-415,Database system
psu_CMPSC 462,Data (computing)
psu_CMPSC 462,Data
cmu_15-213,Arithmetic
cmu_15-213,Computer
cmu_15-213,Programmer
cmu_15-213,Computer architecture
cmu_15-213,Computation
caltech_CS 123,Database
iowa_CS:4700,Parallel computing
iowa_CS:4700,Computing
psu_CSE 562,Complexity
mit_6.876,Game theory
mit_6.876,Cryptography
psu_CMPSC 464,Complexity
psu_CMPSC 464,Theory of computation
psu_CMPSC 464,Computability
psu_CMPSC 464,NP (complexity)
psu_CMPSC 464,Computation
caltech_CS/EE/Ma 129,Complexity
caltech_CS/EE/Ma 129,Information theory
caltech_CS/EE/Ma 129,Pattern recognition
maryland_CMSC 466,Floating point
maryland_CMSC 466,Interpolation
maryland_CMSC 466,Numerical analysis
purdue_CS 66100,Compiler
purdue_CS 66100,Automata theory
purdue_CS 66100,Formal language
purdue_CS 66100,Parsing
purdue_CS 66100,Garbage collection (computer science)
purdue_CS 66100,Lisp (programming language)
purdue_CS 66100,Prolog
mit_6.816,Scalability
mit_6.816,Data (computing)
mit_6.816,Data
mit_6.816,Scheduling (computing)
mit_6.816,Synchronization
maryland_CMSC 250H,Logic
maryland_CMSC 250H,Computer science
maryland_CMSC 250H,Computer
caltech_CS/SS 152,Geometry
caltech_CS/SS 152,Game theory
caltech_CS/SS 152,Data (computing)
caltech_CS/SS 152,Statistics
caltech_CS/SS 152,Probability
caltech_CS/SS 152,Data
caltech_CS/SS 152,Economics
caltech_CS/SS 152,Approximation
caltech_CS/SS 152,Information theory
caltech_CS/SS 152,Computation
psu_CSE 537,Routing
stanford_CS 231N,Neural network
stanford_CS 231N,Image
stanford_CS 231N,Computer vision
stanford_CS 231N,Computer
stanford_CS 231N,Index (database)
mit_6.775,Signal processing
msu_CSE 320,Data (computing)
msu_CSE 320,Algebra
msu_CSE 320,Logic
msu_CSE 320,Data
msu_CSE 320,Computer
msu_CSE 320,Assembly language
maryland_CMSC 666,Approximation
maryland_CMSC 666,Interpolation
maryland_CMSC 666,Numerical analysis
mit_6.819,Image
mit_6.819,Computer vision
mit_6.819,Machine learning
mit_6.819,Graphics
mit_6.819,Interface (computing)
mit_6.819,Computer
mit_6.819,Object (computer science)
mit_6.819,Rendering (computer graphics)
cmu_15-150,Complexity
cmu_15-150,Imperative programming
cmu_15-150,Data (computing)
cmu_15-150,Algebra
cmu_15-150,Time complexity
cmu_15-150,Functional programming
cmu_15-150,Data
cmu_15-150,Computer
cmu_15-150,C (programming language)
cmu_15-150,Model of computation
cmu_15-150,Computation
cmu_15-453,Complexity
cmu_15-453,Computability
cmu_15-453,Computing
illinois_CS 414,Interface (computing)
illinois_CS 414,Scheduling (computing)
illinois_CS 414,Synchronization
mit_6.503,Feature extraction
mit_6.503,Algorithm
stanford_CS 140,Virtual memory
stanford_CS 140,Communication
stanford_CS 140,Scheduling (computing)
stanford_CS 140,Synchronization
psu_CMPSC 459,Visualization (computer graphics)
psu_CMPSC 459,Data analysis
psu_CMPSC 459,Data (computing)
psu_CMPSC 459,Data
psu_CMPSC 459,Scientific visualization
stanford_CS 1C,Computer
stanford_CS 1C,Computing
stanford_CS 1C,Internet
stanford_CS 1C,Security
mit_6.341,Signal processing
mit_6.341,Fourier analysis
mit_6.341,Prediction
mit_6.341,Interpolation
mit_6.341,Computation
mit_6.047,Algorithm
mit_6.047,Graph (mathematics)
mit_6.047,Dynamic programming
mit_6.047,Machine learning
mit_6.047,Algorithm design
mit_6.047,Database
mit_6.047,C (programming language)
mit_6.047,Stochastic
stanford_CS 228,Data (computing)
stanford_CS 228,Speech recognition
stanford_CS 228,Robot
stanford_CS 228,Motion planning
stanford_CS 228,Inference
stanford_CS 228,Data
stanford_CS 275,Data (computing)
stanford_CS 275,Data
stanford_CS 275,Bioinformatics
stanford_CS 345D,Query optimization
stanford_CS 345D,Concurrency control
stanford_CS 345D,Concurrency (computer science)
stanford_CS 345D,Database
stanford_CS 345D,MapReduce
illinois_CS 583,Algorithm
illinois_CS 583,Algorithm design
illinois_CS 583,Approximation algorithm
illinois_CS 583,NP (complexity)
illinois_CS 583,Approximation
illinois_CS 583,Scheduling (computing)
iowa_CS:2520,User interface
iowa_CS:2520,Interface (computing)
iowa_CS:2520,Computer
psu_CMPSC 455,Floating point
psu_CMPSC 455,Interpolation
psu_CMPSC 455,Numerical analysis
psu_CMPSC 455,Computation
illinois_CS 101,Data (computing)
illinois_CS 101,Problem solving
illinois_CS 101,Data
illinois_CS 101,Computing
maryland_CMSC 411,Communication
maryland_CMSC 411,Computer
maryland_CMSC 411,Input/output
mit_6.374,Arithmetic
mit_6.374,Logic
cmu_15-494,Robot
cmu_15-494,Robotics
psu_CSE 520,Computer programming
psu_CSE 520,Computer
illinois_CS 421,Data (computing)
illinois_CS 421,Data
illinois_CS 421,Parsing
illinois_CS 421,Object (computer science)
illinois_CS 421,Syntax
cmu_15-414,Floating point
cmu_15-414,Automated theorem proving
cmu_15-414,Program analysis
cmu_15-414,Model checking
cmu_15-414,Logic
cmu_15-414,Computer science
cmu_15-414,Computer
mit_6.011,Communication
mit_6.011,Signal processing
mit_6.011,Inference
mit_6.011,Stochastic
stanford_CS 210A,Software development
stanford_CS 210A,Software engineering
stanford_CS 448Z,Computer animation
stanford_CS 448Z,Computer
msu_CSE 814,Software development
msu_CSE 814,Formal methods
caltech_CS/CNS 171,Computer graphics
caltech_CS/CNS 171,Visualization (computer graphics)
caltech_CS/CNS 171,Image
caltech_CS/CNS 171,Graphics
caltech_CS/CNS 171,Pipeline (computing)
caltech_CS/CNS 171,Computer
caltech_CS/CNS 171,Scientific visualization
caltech_CS/CNS 171,Shading
mit_6.813,User interface design
mit_6.813,User interface
mit_6.813,Interface (computing)
mit_6.813,Computer
cmu_15-383,Machine translation
cmu_15-383,Statistics
cmu_15-383,Part-of-speech tagging
cmu_15-383,Python (programming language)
cmu_15-383,Probability
cmu_15-383,Probability theory
psu_CMPSC 426,Object (computer science)
iowa_CS:5850,Programming language
cmu_15-462,Computer graphics
cmu_15-462,Image
cmu_15-462,Geometric modeling
cmu_15-462,Graphics
cmu_15-462,Computer
cmu_15-462,Ray tracing (graphics)
cmu_15-462,Image processing
cmu_15-462,Rendering (computer graphics)
cmu_15-462,Shading
mit_6.831,User interface design
mit_6.831,User interface
mit_6.831,Interface (computing)
mit_6.831,Computer
mit_6.262,Communication
mit_6.262,Probability
mit_6.262,Stochastic
mit_6.262,Decision theory
cmu_15-294,Computer science
cmu_15-294,Computer
mit_6.434,Statistics
mit_6.434,Estimation theory
stanford_CS 107,Programming language
stanford_CS 107,Data (computing)
stanford_CS 107,Microprocessor
stanford_CS 107,Arithmetic
stanford_CS 107,Data
stanford_CS 107,Computer
stanford_CS 107,C (programming language)
caltech_EE/CS 52,Microprocessor
iowa_CS:2630,Data (computing)
iowa_CS:2630,Arithmetic
iowa_CS:2630,Logic
iowa_CS:2630,Data
iowa_CS:2630,Computer
iowa_CS:2630,Assembly language
caltech_CS 121,Data (computing)
caltech_CS 121,Query language
caltech_CS 121,Algebra
caltech_CS 121,Transaction processing
caltech_CS 121,Data
caltech_CS 121,SQL
caltech_CS 121,Database
caltech_CS 121,Relational algebra
caltech_CS 121,Relational database
stanford_CS 371,Data (computing)
stanford_CS 371,Data
mit_6.874,Data (computing)
mit_6.874,Data
mit_6.263,Communication
mit_6.263,Data (computing)
mit_6.263,Data
mit_6.263,Internet
mit_6.945,Data (computing)
mit_6.945,Algebra
mit_6.945,Data
mit_6.945,Pattern matching
mit_6.945,Computer
mit_6.945,Artificial intelligence
stanford_CS 246,Data (computing)
stanford_CS 246,Data mining
stanford_CS 246,Machine learning
stanford_CS 246,Data
illinois_CS 445,Computer vision
illinois_CS 445,Computer
psu_CSE 555,Algorithm
mit_6.435,Prediction
stanford_CS 240,Virtual memory
stanford_CS 240,Communication
stanford_CS 240,Memory management
stanford_CS 240,Operating system
stanford_CS 240,Synchronization
stanford_CS 240,Security
stanford_CS 223A,Geometry
stanford_CS 223A,Matrix (mathematics)
stanford_CS 223A,Algebra
stanford_CS 223A,Robot
stanford_CS 223A,Motion planning
stanford_CS 223A,Robotics
stanford_CS 223A,Kinematics
illinois_CS 412,Data (computing)
illinois_CS 412,Data mining
illinois_CS 412,Data warehouse
illinois_CS 412,Data
purdue_CS 65500,Algorithm
purdue_CS 65500,Cryptography
purdue_CS 65500,Traffic analysis
purdue_CS 65500,Quantum cryptography
purdue_CS 65500,Cryptanalysis
stanford_CS 109,Combinatorics
stanford_CS 109,Machine learning
stanford_CS 109,Probability
stanford_CS 109,Computer science
stanford_CS 109,Analysis of algorithms
stanford_CS 109,Conditional probability
stanford_CS 109,Computer
mit_6.837,Computer graphics
mit_6.837,Graphics
mit_6.837,Pipeline (computing)
mit_6.837,Computer
mit_6.837,Ray tracing (graphics)
maryland_CMSC 434,Computer
maryland_CMSC 434,Java (programming language)
maryland_CMSC 433,Programming language
maryland_CMSC 433,Software design
maryland_CMSC 433,Object-oriented programming
maryland_CMSC 433,Object (computer science)
mit_6.436,Probability
mit_6.436,Probability theory
stanford_CS 168,Linear programming
stanford_CS 168,Gradient descent
psu_CSE 588,Complexity
psu_CSE 588,Algebra
psu_CSE 588,Fast Fourier transform
psu_CSE 588,Computer
psu_CSE 588,Integer
psu_CSE 588,Multiplication
psu_CSE 588,Polynomial
stanford_CS 262,Dynamic programming
stanford_CS 262,Computer science
stanford_CS 262,Computer
illinois_CS 546,Natural language
illinois_CS 546,Speech recognition
illinois_CS 546,Machine learning
illinois_CS 546,Natural language processing
illinois_CS 546,Syntax
illinois_CS 546,Semantics
caltech_CS 116,First-order logic
caltech_CS 116,Logic
caltech_CS 116,Semantics
psu_CMPSC 360,Logic
psu_CMPSC 360,Computer science
psu_CMPSC 360,Computer
psu_CMPSC 360,Mathematics
psu_CMPSC 360,Discrete mathematics
msu_CSE 836,Bioinformatics
psu_CMPSC 467,Cryptography
psu_CMPSC 467,Computer
cmu_15-424,Programming language
cmu_15-424,Communication
cmu_15-424,Abstraction (computer science)
cmu_15-424,Reason
cmu_15-424,Programmer
cmu_15-424,Semantics
cmu_15-424,Computation
purdue_CS 64100,Reason
purdue_CS 64100,Database
psu_CMPSC 402,File system
psu_CMPSC 402,C (programming language)
psu_CMPSC 402,Unix
mit_6.046,Geometry
mit_6.046,Matrix (mathematics)
mit_6.046,Graph (mathematics)
mit_6.046,Dynamic programming
mit_6.046,Parallel computing
mit_6.046,Analysis of algorithms
mit_6.046,Computing
mit_6.046,Amortized analysis
mit_6.046,Computational geometry
mit_6.046,Polynomial
iowa_CS:1210,Data (computing)
iowa_CS:1210,Python (programming language)
iowa_CS:1210,Data
iowa_CS:1210,Computer science
iowa_CS:1210,Calculus
iowa_CS:1210,Computer
iowa_CS:1210,Object (computer science)
stanford_CS 245,Query optimization
stanford_CS 245,Concurrency control
stanford_CS 245,Concurrency (computer science)
stanford_CS 245,Database
stanford_CS 245,Database system
mit_6.006,Introduction to Algorithms
mit_6.006,Data (computing)
mit_6.006,Data
cmu_15-392,C (programming language)
cmu_15-392,Input/output
cmu_15-392,Security
mit_6.634,Matrix (mathematics)
stanford_CS 244B,Shared memory
stanford_CS 244B,Communication
stanford_CS 244B,Object (computer science)
stanford_CS 244B,Scheduling (computing)
stanford_CS 244B,Synchronization
stanford_CS 244B,Security
illinois_CS 538,Congestion control
illinois_CS 538,Network security
illinois_CS 538,Computer
illinois_CS 538,Routing
illinois_CS 538,Internet
illinois_CS 538,Security
illinois_CS 418,Computer graphics
illinois_CS 418,Graphics
illinois_CS 418,Computer
illinois_CS 418,Rendering (computer graphics)
mit_6.256,Complexity
mit_6.256,Semidefinite programming
mit_6.256,Polynomial
cmu_15-300,Communication
cmu_15-300,Computer science
cmu_15-300,Computer
iowa_CS:2230,Complexity
iowa_CS:2230,Data (computing)
iowa_CS:2230,Data
iowa_CS:2230,Computer science
iowa_CS:2230,Software design
iowa_CS:2230,Recursion
iowa_CS:2230,Computer
iowa_CS:2230,Recursion (computer science)
iowa_CS:2230,Object (computer science)
illinois_CS 555,Finite difference
caltech_CS 124,Virtual memory
caltech_CS 124,Abstraction (computer science)
caltech_CS 124,Memory management
caltech_CS 124,Concurrency (computer science)
caltech_CS 124,Operating system
caltech_CS 124,C (programming language)
caltech_CS 124,Kernel (computing)
caltech_CS 124,Scheduling (computing)
caltech_CS 124,Assembly language
maryland_CMSC 723,Machine translation
maryland_CMSC 723,Natural language
maryland_CMSC 723,Question answering
maryland_CMSC 723,Part-of-speech tagging
maryland_CMSC 723,Parsing
maryland_CMSC 723,Natural language processing
maryland_CMSC 723,Syntax
maryland_CMSC 723,Semantics
cmu_15-112,Programming language
cmu_15-112,Python (programming language)
cmu_15-112,Computer science
cmu_15-112,Debugging
cmu_15-112,Computer
cmu_15-112,C (programming language)
mit_6.442,Integral
purdue_CS 60300,Data (computing)
purdue_CS 60300,Deadlock
purdue_CS 60300,Concurrency control
purdue_CS 60300,Data
purdue_CS 60300,Concurrency (computer science)
purdue_CS 60300,Atomicity (database systems)
purdue_CS 60300,Database
purdue_CS 60300,Computer
purdue_CS 60300,Computing
purdue_CS 60300,Distributed computing
purdue_CS 60300,Synchronization
purdue_CS 60300,Security
psu_CMPSC 313,Assembly language
caltech_CS 115,Data (computing)
caltech_CS 115,Abstraction (computer science)
caltech_CS 115,Functional programming
caltech_CS 115,Data
caltech_CS 115,Pattern matching
caltech_CS 115,Recursion
caltech_CS 115,Haskell (programming language)
caltech_CS 115,Recursion (computer science)
caltech_CS 115,Object (computer science)
caltech_CS 115,Lazy evaluation
caltech_CS 115,Monad (functional programming)
stanford_CS 225A,Robot
stanford_CS 225A,Robotics
stanford_CS 225A,Kinematics
stanford_CS 225A,Autonomous robot
cmu_15-365,Data (computing)
cmu_15-365,Data
illinois_CS 425,Security
mit_6.041,Inference
mit_6.041,Probability
mit_6.041,Statistical inference
mit_6.041,Probability theory
mit_6.041,Conditional probability
psu_CMPSC 441,Problem solving
psu_CMPSC 441,Artificial intelligence
stanford_CS 279,Data (computing)
stanford_CS 279,Data
illinois_CS 357,Approximation
illinois_CS 357,Computation
mit_6.867,Machine learning
mit_6.867,Inference
mit_6.867,Statistical inference
illinois_CS 525,Computing
illinois_CS 525,Peer-to-peer
illinois_CS 525,Distributed computing
illinois_CS 424,Robot
illinois_CS 424,Scheduling (computing)
mit_6.453,Quantum mechanics
mit_6.453,Communication
mit_6.453,Cryptography
mit_6.453,Uncertainty
mit_6.453,Quantum cryptography
purdue_CS 50200,Compiler
mit_6.035,Compiler
mit_6.035,Computer
psu_CSE 560,Graph (mathematics)
psu_CSE 560,Computer
psu_CMPSC 450,Synchronization
cmu_15-121,Data (computing)
cmu_15-121,Data
cmu_15-121,Analysis of algorithms
cmu_15-121,Java (programming language)
cmu_15-121,Object (computer science)
mit_6.801,Image
mit_6.801,Image analysis
mit_6.801,Robotics
mit_6.801,Image processing
iowa_CS:4420,Machine learning
iowa_CS:4420,Artificial intelligence
stanford_CS 210B,Software development
stanford_CS 210B,Software engineering
stanford_CS 348A,Geometry
stanford_CS 348A,Computer graphics
stanford_CS 348A,Data (computing)
stanford_CS 348A,Geometric modeling
stanford_CS 348A,Data
stanford_CS 348A,Graphics
stanford_CS 348A,Computer
stanford_CS 348A,Tensor
illinois_CS 423,Virtual memory
illinois_CS 423,Deadlock
illinois_CS 423,Scheduling (computing)
illinois_CS 423,Security
psu_CMPSC 488,Computer science
psu_CMPSC 488,Computer
cmu_15-210,Data analysis
cmu_15-210,Data (computing)
cmu_15-210,Algorithm
cmu_15-210,Data
cmu_15-210,Graphics
cmu_15-210,Computer
cmu_15-210,C (programming language)
stanford_CS 103,Formal language
stanford_CS 103,Logic
stanford_CS 103,Computer science
stanford_CS 103,Computer
stanford_CS 103,Computing
stanford_CS 103,Predicate logic
stanford_CS 103,NP (complexity)
illinois_CS 522,Programming language
illinois_CS 522,Functional programming
illinois_CS 522,Denotational semantics
illinois_CS 522,Semantics
purdue_CS 54100,Query optimization
purdue_CS 54100,Relational model
purdue_CS 54100,Database
purdue_CS 54100,Semantics
purdue_CS 54100,Security
mit_6.842,Complexity
mit_6.842,Cryptography
mit_6.842,Combinatorics
mit_6.842,Computational learning theory
mit_6.842,Fourier analysis
mit_6.842,Randomness
mit_6.842,Computation
stanford_CS 244,Congestion control
stanford_CS 244,Network security
stanford_CS 244,Routing
stanford_CS 244,Internet
stanford_CS 244,Security
maryland_CMSC 412,Communication
maryland_CMSC 412,Memory management
maryland_CMSC 412,Kernel (computing)
maryland_CMSC 412,Scheduling (computing)
maryland_CMSC 412,Synchronization
msu_CSE 231,Python (programming language)
msu_CSE 231,Mathematics
maryland_CMSC 421,Data (computing)
maryland_CMSC 421,Inference
maryland_CMSC 421,Data
maryland_CMSC 421,Pattern matching
maryland_CMSC 421,Robotics
maryland_CMSC 421,Lisp (programming language)
maryland_CMSC 421,Artificial intelligence
maryland_CMSC 421,Prolog
caltech_CS/EE 143,Congestion control
caltech_CS/EE 143,Communication
caltech_CS/EE 143,Routing
caltech_CS/EE 143,Internet
cmu_15-410,Virtual memory
cmu_15-410,Communication
cmu_15-410,Deadlock
cmu_15-410,Arithmetic
cmu_15-410,Operating system
cmu_15-410,Debugging
cmu_15-410,C (programming language)
cmu_15-410,Unix
cmu_15-410,Kernel (computing)
cmu_15-410,Synchronization
cmu_15-410,Scope (computer science)
cmu_15-410,Security
cmu_15-410,Assembly language
maryland_CMSC 427,Computer graphics
maryland_CMSC 427,Graphics
maryland_CMSC 427,Computer
maryland_CMSC 427,Mathematics
maryland_CMSC 427,Shading
stanford_CS 9,Communication
stanford_CS 9,Problem solving
stanford_CS 9,Software engineering
mit_6.440,Coding theory
mit_6.440,Computer science
mit_6.440,Computer
mit_6.440,Mathematics
psu_CMPSC 102,Problem solving
psu_CMPSC 102,Debugging
psu_CMPSC 102,Recursion
psu_CMPSC 102,Recursion (computer science)
stanford_CS 294S,Computer
stanford_CS 294S,Internet
stanford_CS 294S,Security
stanford_CS 247,Interaction design
stanford_CS 247,Computer
iowa_CS:3820,Programming language
iowa_CS:3820,Data (computing)
iowa_CS:3820,Abstraction (computer science)
iowa_CS:3820,Data
iowa_CS:3820,Recursion
iowa_CS:3820,Recursion (computer science)
iowa_CS:3820,Syntax
iowa_CS:3980,Computer science
iowa_CS:3980,Computer
mit_6.UAR,Communication
stanford_CS 241,Communication
stanford_CS 241,Computing
stanford_CS 241,Synchronization
stanford_CS 241,Security
mit_6.042,Graph (mathematics)
mit_6.042,Logic
mit_6.042,Probability
mit_6.042,Computer science
mit_6.042,Graph theory
mit_6.042,Computer
mit_6.042,Integer
mit_6.042,Mathematics
mit_6.042,Discrete mathematics
mit_6.856,Randomization
mit_6.856,Linear programming
mit_6.856,Data (computing)
mit_6.856,Graph (mathematics)
mit_6.856,Data
mit_6.856,Analysis of algorithms
mit_6.856,Computation
cmu_15-456,Geometry
cmu_15-456,Linear programming
cmu_15-456,Graph (mathematics)
cmu_15-456,Computational geometry
iowa_CS:4640,Computer security
iowa_CS:4640,Computer
iowa_CS:4640,Authentication
iowa_CS:4640,Security
caltech_CS/EE 146,Internet
caltech_CMS/CS 139,Analysis of algorithms
caltech_CMS/CS 139,Approximation
psu_CSE 541,Database design
psu_CSE 541,Query optimization
psu_CSE 541,Data (computing)
psu_CSE 541,Concurrency control
psu_CSE 541,Data
psu_CSE 541,Concurrency (computer science)
psu_CSE 541,Database
psu_CSE 541,Relational database
psu_CMPSC 121,Problem solving
psu_CMPSC 121,Recursion
psu_CMPSC 121,Structured programming
psu_CMPSC 121,Recursion (computer science)
mit_6.851,Data (computing)
mit_6.851,Data
mit_6.851,Integer
stanford_CS 124,Machine translation
stanford_CS 124,String (computer science)
stanford_CS 124,Question answering
stanford_CS 124,PageRank
stanford_CS 124,Social network
stanford_CS 124,Sentiment analysis
stanford_CS 124,Sequence alignment
illinois_CS 524,Complexity
illinois_CS 524,Concurrency (computer science)
illinois_CS 524,Semantics
illinois_CS 524,Computation
illinois_CS 473,Randomization
illinois_CS 473,Data (computing)
illinois_CS 473,Algorithm
illinois_CS 473,Graph (mathematics)
illinois_CS 473,Dynamic programming
illinois_CS 473,Data
illinois_CS 473,Computer science
illinois_CS 473,Algorithm design
illinois_CS 473,Recursion
illinois_CS 473,Computer
illinois_CS 473,NP (complexity)
illinois_CS 473,Recursion (computer science)
mit_6.849,Geometry
mit_6.849,Robotics
mit_6.849,Polynomial
illinois_CS 457,Least squares
psu_CSE 563,Distributed algorithms
stanford_CS 131,Computer vision
stanford_CS 131,Computer
stanford_CS 131,Index (database)
mit_6.141,Communication
mit_6.141,Embedded system
mit_6.141,Robot
mit_6.141,Motion planning
mit_6.141,Robotics
mit_6.141,Mechanical engineering
mit_6.141,Kinematics
mit_6.141,Computation
mit_6.242,Uncertainty
mit_6.823,Virtual memory
mit_6.823,Superscalar
mit_6.823,Computer
mit_6.823,Very long instruction word
mit_6.823,Synchronization
mit_6.823,Computer architecture
mit_6.823,Cache coherence
mit_6.008,Data (computing)
mit_6.008,Asymptotic analysis
mit_6.008,Machine learning
mit_6.008,Inference
mit_6.008,Data
mit_6.008,Prediction
princeton_COS  226,String (computer science)
princeton_COS  226,Data (computing)
princeton_COS  226,Graph (mathematics)
princeton_COS  226,Data
illinois_CS 563,Network security
illinois_CS 563,Computer security
illinois_CS 563,Computer
illinois_CS 563,Security
cmu_15-417,Inference
cmu_15-417,ML (programming language)
cmu_15-417,Garbage collection (computer science)
cmu_15-417,Haskell (programming language)
cmu_15-417,Assembly language
stanford_CS 224N,Natural language
stanford_CS 224N,Natural language processing
maryland_CMSC 420,Data (computing)
maryland_CMSC 420,Data
psu_CMPSC 397A,Software engineering
iowa_CS:2620,Network security
iowa_CS:2620,Encryption
iowa_CS:2620,Computer
iowa_CS:2620,Security
psu_CMPSC 487W,Software development
psu_CMPSC 487W,Software engineering
psu_CSE 543,Computer security
psu_CSE 543,Database
psu_CSE 543,Computer
psu_CSE 543,Security
purdue_CS 58000,Complexity
purdue_CS 58000,Algorithm
purdue_CS 58000,Graph (mathematics)
purdue_CS 58000,Dynamic programming
purdue_CS 58000,Algorithm design
purdue_CS 58000,Pattern matching
purdue_CS 58000,NP (complexity)
purdue_CS 58000,Polynomial
msu_CSE 476,Software development
mit_6.UAT,Communication
