0,Random graph
1,Knowledge representation and reasoning
2,Natural language processing
3,Algorithm
4,System programming
5,Mathematical induction
6,Computer vision
7,Randomness
8,Computer science
9,Database
10,Machine learning
11,Type system
12,Variable (computer science)
13,Computer programming
14,Distributed computing
15,Monte Carlo method
16,First-order logic
17,Lexical analysis
18,Shortest path problem
19,Probability theory
20,Graphical user interface
21,Profiling (computer programming)
22,Complexity class
23,Computer graphics
24,Relational database
25,Software development
26,Geometric modeling
27,Computational complexity theory
28,Statistical inference
29,Martingale (probability theory)
30,Arithmetic logic unit
31,Data mining
32,Divide and conquer algorithm
33,Unix
34,Robotics
35,Computer security
36,Cache coherence
37,Parsing
38,Malware
39,Firewall (computing)
40,Relational model
41,Compiler
42,Atomicity (database systems)
43,Bioinformatics
44,Algebra
45,B-tree
46,PageRank
47,Computer network
48,Concurrency (computer science)
49,Multi-core processor
50,Software engineering
51,Large deviations theory
52,Control flow
53,Human-computer interaction
54,Programming paradigm
55,Computational geometry
56,Geometry
57,Visualization (computer graphics)
58,Graphical model
59,String (computer science)
60,Query language
61,Matrix (mathematics)
62,Theory of computation
63,Object-oriented programming
64,Index (database)
65,Computational chemistry
66,Suffix tree
67,3D modeling
68,Analysis of algorithms
69,Programming language
70,Combinatorics
71,Fourier analysis
72,Vector processor
73,Mobile device
74,Newton's method
75,Symbol table
76,Formal language
77,Document classification
78,Cryptography
79,Reinforcement learning
80,Logic
81,Partial differential equation
82,Dynamic programming
83,Stochastic process
84,Haskell (programming language)
85,Abstraction (computer science)
86,Rendering (computer graphics)
87,Inequality (mathematics)
88,Central processing unit
89,Image analysis
90,Data type
91,Complexity
92,P versus NP problem
93,Scripting language
94,Algorithm design
95,Scope (computer science)
96,Modular programming
97,Parallel computing
98,List of undecidable problems
99,Ray tracing (graphics)
100,Social network
101,hypothesis testing
102,Artificial intelligence
103,Communications protocol
104,Question answering
105,Information theory
106,Recursively enumerable set
107,Machine translation
108,Propositional calculus
109,C++
110,Inter-process communication
111,Hidden Markov model
112,Sentiment analysis
113,Quantum computer
114,Mathematical optimization
115,Theoretical computer science
116,Concurrency control
117,Java (programming language)
118,Operating system
119,Boundary value problem
120,Probability
121,Recurrence relation
122,Markov chain
123,Undecidable problem
124,Poisson distribution
125,Automated theorem proving
126,Computer animation
127,Random walk
128,Compiler optimization
129,Embedded system
130,Concurrent computing
131,Signal processing
132,Pattern matching
133,Estimation theory
134,Ordinary differential equation
135,Recursion (computer science)
136,Game theory
137,Network security
138,Time complexity
139,Turing machine
140,Kalman filter
141,Coding theory
142,Autonomous robot
143,NP (complexity)
144,Genetic algorithm
145,Speech recognition
146,Internet
147,SQL
148,Python (programming language)
149,Calculus
150,Correlation and dependence
151,Finite set
152,Monad (functional programming)
153,Pipeline (computing)
154,Data warehouse
155,Programmer
156,Interpolation
157,Finite-state machine
158,Cluster analysis
159,Finite difference
160,GPU
161,Transaction processing
162,Wireless sensor network
163,Information assurance
164,Web browser
165,Mathematical proof
166,CPU cache
167,Randomized algorithm
168,Polynomial
169,String searching algorithm
170,Application software
171,Neural network
172,Parametric polymorphism
173,"Best, worst and average case"
174,Model checking
175,Discrete mathematics
176,PSPACE
177,Graph theory
178,Semantics of programming languages
179,Hash table
180,Object (computer science)
181,Data structure
182,Recursion
183,Authentication
184,Deadlock
185,Functional programming
186,System call
187,Lisp (programming language)
188,Computational problem
189,Gradient descent
190,Perl
191,Pattern recognition
192,Volume rendering
193,Parallel algorithm
194,Interaction design
195,Web search engine
196,Computer software
197,Packet switching
198,Routing
199,Lazy evaluation
200,Numerical analysis
201,Program analysis
202,Sparse matrix
203,Image processing
204,Big data
205,Database management system
206,Graph coloring
207,User interface design
208,Cryptanalysis
209,Internet Protocol Suite
210,MATLAB
211,Pushdown automata
212,Database design
213,ML (programming language)
214,Polymorphism (computer science)
215,Scheduling (computing)
216,Least squares
217,Exponential family
218,Automatic programming
219,Linear programming
220,Software design
221,Imperative programming
222,Kernel (computing)
223,Computer
224,Sufficient statistic
225,Unsupervised learning
226,Distributed algorithms
227,Semidefinite programming
228,High-level programming language
229,Superscalar
230,Model of computation
231,Peer-to-peer
232,C (programming language)
233,Traffic analysis
234,Automated planning and scheduling
235,Linear algebra
236,Computing
237,Quantum mechanics
238,Computational learning theory
239,Calculus of variations
240,Regular language
241,Cloud computing
242,Spanning tree
243,Robot
244,JavaScript
245,Approximation algorithm
246,Decision theory
247,Memory management
248,Halting problem
249,Linear system
250,Assembly language
251,NP-complete
252,Round-off error
253,Structured programming
254,Hidden line removal
255,Queue (data structure)
256,Database system
257,Application programming interface
258,Formal grammar
259,Processor register
260,Scientific visualization
261,Garbage collection (computer science)
262,Prolog
263,Dynamic memory allocation
264,Software testing
265,Stochastic
266,Predicate logic
267,3D computer graphics
268,OSI model
269,Bayesian network
270,Iterative method
271,File system
272,Graph (mathematics)
273,Economics
274,Query optimization
275,Multiplication
276,Message Passing Interface
277,HTML
278,Personal computer
279,Computer architecture
280,Server (computing)
281,MapReduce
282,Finite element method
283,Virtual memory
284,Scalability
285,Digital signature
286,Amortized analysis
287,Microcode
288,Computability
289,Formal verification
290,Inheritance (object-oriented programming)
291,Public-key cryptography
292,Instruction set
293,Design of experiments
294,Web server
295,Congestion control
296,Statistics
297,Syntax
298,Semantics
299,Denotational semantics
300,Bayesian
301,Formal methods
302,User interface
303,Symmetric multiprocessing
304,Modular arithmetic
305,Procedural programming
306,Quantum cryptography
307,World Wide Web
308,Linked list
309,Support vector machine
310,Tensor
311,Interactivity
312,Cryptographic hash function
313,Entropy
314,Very long instruction word
315,Software framework
316,Sequence alignment
317,Logic programming
318,Flow network
319,Abstract data type
320,Array data structure
321,Motion capture
322,Feature extraction
323,Markov process
324,Computer simulation
325,Input/output
326,Fast Fourier transform
327,Mathematics
328,Mathematical model
329,Part-of-speech tagging
330,Fixed point (mathematics)
331,Virtual reality
332,Message passing
333,Web service
334,Prediction
335,Context-free grammar
336,Programming style
337,Program optimization
338,Data analysis
339,Integral
340,Wavelet
341,Inference
342,Debugging
343,Recommender system
344,Run time (program lifecycle phase)
345,Expert system
346,Motion planning
347,Database normalization
348,Stack (data structure)
349,Memory hierarchy
350,Lexical semantics
351,Eigenvalues and eigenvectors
352,Natural language
353,Number theory
354,Data (computing)
355,Computation
356,Data
357,Digital electronics
358,Shared memory
359,Expected value
360,Thread (computer science)
361,Random variable
362,Approximation
363,Foundations of mathematics
364,Continuous function
365,Computational science
366,Graphics
367,Integer
368,Regular expression
369,Security
370,Communication
371,Synchronization
372,Relational algebra
373,Conditional probability
374,Reason
375,Image
376,Uncertainty
377,Information security
378,Design pattern (computer science)
379,Context-free language
380,Problem solving
381,Randomization
382,Shading
383,Arithmetic
384,Introduction to Algorithms
385,Microprocessor
386,Automata theory
387,Asymptotic analysis
388,Combinational logic
389,Nonlinear system
390,Telecommunications network
391,Vulnerability (computing)
392,Lock (computer science)
393,Interface (computing)
394,Differential equation
395,Higher-order function
396,Kinematics
397,Mutual exclusion
398,Generic programming
399,Database transaction
400,Mechanical engineering
401,Floating point
402,Computer multitasking
403,Performance tuning
404,Encryption
405,Scientific modelling
406,-2IIWuAYeVQ
407,-2hpoIjNSb4
408,-4mLOLHSnMw
409,-IbOdc46JFU
410,-_SHiJTOZDc
411,-jtic_EX3xM
412,-veRB2oClx4
413,-zk6FlSADvQ
414,03fhijH6e2w
415,0HUU612UuXI
416,0IgOapAtauM
417,0O-JGqUa1aM
418,0XJPzek__nw
419,0lBdSoKh5L4
420,0xVl2_qvj1I
421,1-NW2fKIyLQ
422,1eUVC4bI7QE
423,1foc4sbmQb8
424,1qOMlqE6LhU
425,1vvOgSqDKpE
426,20J8lr0M1EY
427,2Wm_zTKWw3U
428,2Xp1c-Zw1zk
429,2idtvCcOna8
430,2y17L618vWs
431,3LqwxAbOXpM
432,3Uxw7F75_-8
433,3ye2OXj32DM
434,4N14CdtvzqM
435,4Vy_bq1oWyg
436,4kPPSWdKTBw
437,5c41KiZXh-M
438,5pwc2DYlKQU
439,5uic4Y2T9mU
440,5wRPin4oxCo
441,63M6vaCXQ3c
442,6CCwWCstDGc
443,6WLwtYLeaoM
444,6vcdaVuTDT0
445,764m9ESzLvw
446,7LGmUi3xS0I
447,7P53AOKtVdQ
448,7aQgQGeZ_qo
449,86gQZEJIjHw
450,8BHpKzahwPM
451,8I5rpAhYk4Y
452,8NcBcsIdPSA
453,8PKHtRE2um0
454,8QpDGVGml6M
455,8XAvd2Ey2mQ
456,8j4Z0IrS96Q
457,8s4b8mYCMAE
458,8vRZi05VE3Q
459,8z4zUjsZZrs
460,93PD9CqcZTg
461,94evBUo8EiE
462,9LHTQsDspjE
463,9aZ9k_JjYGY
464,A-cJBuwLUx8
465,A5ts_-xuxnA
466,ACTFY2k4Fhk
467,AKOWGChr9iA
468,AMWwXjiTCRs
469,AN5I6fFxyfs
470,AOnQvbPbP4g
471,ATsAl_t52xY
472,AXgfeV568c8
473,BA1rnEMBjjQ
474,BF_ngWfgv3g
475,BKkpEjbD8xM
476,BM24sU2Xm7w
477,BmayUdDaDYM
478,BnIlVgZbqV0
479,Bwo2oD8cu68
480,CJQ9qrFo5ko
481,CNu5RDittrE
482,CeOV_tVo970
483,CnCFj4o_e9Q
484,CoBIpAZQYiA
485,D-c7QCzEYy4
486,DNaJV4wqeWI
487,DU7IZMciHJE
488,DoNqOcmlg9c
489,E7RMU8kqyd4
490,ELp9ytLjupE
491,EO4B_ykP8f8
492,EUzsy3W4I0g
493,EbNJ05EVXs0
494,Ejpxgrv_9n8
495,ExLO-_btIGM
496,F41ED0tK4TA
497,FACJs5M1ypQ
498,FE3RZsnn2Mo
499,FJNAokhimfg
500,FKA794QD2fI
501,FLg6PIIs6ko
502,FO5XLAMh9E0
503,FQWTa3XjyWg
504,G3OwDpYTJPE
505,GE1YyJ4A_7w
506,GH8yBBC9n3Y
507,GQvNv9uhmbw
508,GiBG9_6w3hw
509,GlobK-eWDSo
510,GpK36dizqEM
511,GxSCRLF37z4
512,GzpaDTbXMiQ
513,H00_PVX2bRw
514,H8KqNxET-XA
515,HNtNeyOVh38
516,HshE44J_-rY
517,IBL9MqvpPlM
518,ILyRgG9Rs0U
519,IPlP2R7l-Nc
520,IRbggk6J0TA
521,IqdSdbxrTsY
522,JRsN4Oz36QU
523,K-_-eGcAJGc
524,K6SqhPqL6fY
525,KHGxigA8Jko
526,KTn2LVhQmf0
527,KTySRjpj2ss
528,KiA8BnstHLQ
529,Km45DNEa9mI
530,Kn5ipjXJvpQ
531,KwMB-JP74YE
532,L2oWDL3Msaw
533,LHgp0w8wV78
534,LJpwQ2da8ss
535,LQHKz1jcARY
536,LRGpZI_qPSk
537,LiSEdc9RpLU
538,MKrhoMK7Mn0
539,MPoMnU2aGhk
540,MViI7GPG9xo
541,MmCppLiUb-k
542,Nf08BQbZHMQ
543,NpDIRrrXd-Y
544,OAOGY8wZOjI
545,OBp8klRZdDw
546,OC7wDFnCimw
547,OI4cYnHCHu4
548,OPqJv609aIc
549,OU3jI8j7Ozw
550,OkncKzflw8I
551,PGfG-DPosCA
552,PfCkp4X2gV0
553,PoqDab1JhZY
554,PpB5D5yI1QY
555,Ptds1GWxfFM
556,Pu_ZzCKw1VQ
557,Q7hlcuCGbxE
558,Q7pb3EectLo
559,QEtWL4lWlL4
560,QQHlZGDpVyA
561,Qab0d7rwWhI
562,QbczPuEphUY
563,QhKIaK4ReUA
564,QmoD_ELFMgo
565,QnyLvrVbpTE
566,R36g6qit1bE
567,RR6Ben6qVnE
568,RkAE4zE4uSE
569,RlQYb3FZtQ8
570,Rzl13ESnVWY
571,S47aSEqm_0I
572,S8qwzHUiRoE
573,SDllHfhXZmQ
574,SO-oXQgvJt4
575,SP5JZXBIQ9c
576,SWs4P1VlBbQ
577,SgXOXg6gYHw
578,TNIaPKDu678
579,TS2odp6rQHU
580,TVYgu5tXlX4
581,TWI19UruijI
582,TbRVJKDC1rM
583,TbvhGcf6UJU
584,TdtFxXo2zpg
585,TfkPs9VvPrY
586,ThnCx4MTVNw
587,TiwvPlTSqss
588,TkCYBNUCpnA
589,TrlqZ_cIKhw
590,U8C48-lCa8g
591,U8fLEJREP44
592,UYv36HV3Sng
593,UiZE1-wlb4o
594,Um0v5t8jjcQ
595,V4mP2pQyou0
596,VA4kWwJc9Uo
597,VIQ5jto-nUA
598,VIQCMDouxKo
599,VSA_zJVDuWk
600,VYqHjvWQRec
601,VcO3ja6WS2E
602,VmnzH3GZiKw
603,VugQE-SRHa0
604,VyeLZQ7cZmI
605,WHWEHwcSI8E
606,WdqdebPmPuQ
607,WnTQTSvpmOs
608,X0oVLO5huc0
609,XRaDIbBAb98
610,XZ8vB81-tV8
611,Xg7BhVHXqLo
612,Xk-MTgB68rQ
613,Y3z_ywZlPkg
614,YGnJyipLKrM
615,YSr5zmVqZLI
616,YZ6ij0EUmKY
617,YZ_z2mE_6Vs
618,Yamz14tjcxQ
619,ZD3Ai0BHYAQ
620,ZJLWP103fKw
621,ZKBLirP5jo8
622,ZPPjW4mqI8I
623,ZPQqmocI2kI
624,ZUPE7YEaXbk
625,ZfB5I0wmu1s
626,Zsr8kODwr08
627,_45M-dO99-M
628,_Pvu1599vFU
629,_SxlpxqIs-s
630,_ffzSGKgJcE
631,_i4wxceXNsI
632,a-Xerqadt6I
633,a5n8TMNbyrg
634,a6NJQ3AMcdo
635,ag4OdO6q5uc
636,ajdPLgNSAgk
637,ayP5Ey-djgw
638,b3OPl5wS4AQ
639,bLzn6RhSb6I
640,bgHodJrPnAg
641,bpB2rLqiiJU
642,buhZRdH58W0
643,c1Ou_yqXjoo
644,c3OLRBt8TI4
645,c59E5b0pcyw
646,cIlKSD8ptAk
647,cJ7hmwHVwtc
648,cNsHV9rsCzE
649,cO5KrmSwhl4
650,cOpYHlqis3o
651,cP1fN6xf3nI
652,cR4rxllyiCs
653,ceuXLsuZhLE
654,cqmJoI4QwYg
655,d0OxV2rA398
656,d1DG-wHrlCs
657,d39tTuUbDVw
658,dAOPcV8jMTo
659,dBeyFiabVIk
660,dGqsH-1EWmg
661,dgyPeFemyL8
662,dkAr9ThdSUU
663,dwR1R-L9HEU
664,eCAHcfA-2c8
665,eGopmXP7j5A
666,eskFflL7Ny0
667,fH4zUvUVXn8
668,fJaPlsVIzio
669,fMJl01wbmWE
670,fV2k2ivttL0
671,frDyLjZva9M
672,g28LSN0cCfw
673,g6ZCpS7Farc
674,gbOc1Hw5Ifc
675,gkEJmMFKtzE
676,gmoC8xC4MGw
677,gv1SKCt0vnc
678,h9CxARIB8gY
679,hScleoVj0pw
680,hVPDals5HDE
681,hY6lydCMQB0
682,hfmK6Oc0QlU
683,hjVNKeVdKcs
684,honXKsVP-wk
685,iEPU99cTzXo
686,iMJ1qWKmZXE
687,ifgs0uypC78
688,ikSbPwwjpKw
689,jBUfYN5plOY
690,jI_D3Bzf0u4
691,jK5Mh6d9HiE
692,jqhQx9U9kok
693,k2ajK9uM0Co
694,kJBW4Lhz5f4
695,krsvQHIGhvc
696,kubJIJMOS8I
697,ky17zbYo4Rw
698,kyCibTQQQBE
699,lECb8emmN0M
700,lNkhfuLjK3s
701,lZJI_Fth66A
702,lmXil72qCiQ
703,m31K9yGf_fQ
704,mAK9KklkRYY
705,mARX-dNTucY
706,mMK-TlvH5c4
707,mRGQylRWAsI
708,mTQ6pZB62Lg
709,mZr0StOMam4
710,m_Eu74e9S_A
711,mabRepmXLGA
712,mb5wV4AqXso
713,myVbSSyZtr4
714,myr_VzA3tS8
715,mzfVimVbguQ
716,nKGjVQWPf4w
717,nRu270DVdTY
718,nc1yivH1Yac
719,ng1oliu806U
720,o0MyjvrqdiQ
721,o4YvZfDjKRo
722,oCL8hrh95Uc
723,oFOPRPufisk
724,oPVj17gB7gY
725,ok-M86mjfAQ
726,omuyzDmNaf4
727,pGSwasYOv0o
728,pGT6iJ_z5Vs
729,pW1kbWljsAk
730,piuWSMLNeco
731,pnunzdvezto
732,pt-OOSSGezc
733,q6VbIk4ELAA
734,q9THx--fAFw
735,qAIpx8vKqPw
736,qC2hHLlxqPY
737,qN3g4f2_Xas
738,qhRq627zvow
739,qpCvPS-WwGA
740,rFqsuq66Gtc
741,rgf5vvhw0Vo
742,rs84dWPEFGU
743,ruClwamT-R0
744,ryKmxjqG_e0
745,s7u6Ti1MrmU
746,sCmsrSBJT8A
747,sG6WGvzmVaw
748,sx0UPzztC5o
749,t7d2pbLidqU
750,tORLeHHtazM
751,tPcTenIPQm4
752,tnOOiSjTI8I
753,uZlSDHHyzoQ
754,ubM-4lZLnJU
755,uc9QZgWle8U
756,ujT6nt_hHEc
757,umRDw1LLjJM
758,uyDUmW2ormk
759,vEy54Wq4Nrw
760,vS0khTah3zU
761,vWU1Ct271vQ
762,vlFdVYAXIxg
763,vo7LN-zMI2s
764,vu6eLFmrwaA
765,w-WIQ41cDXI
766,wb6kEUGV7TA
767,wbp5DDSCrUw
768,wdGiekwXM2w
769,wfvg4rE7WpM
770,wi7T8rP2zMM
771,wkYnrTADrWI
772,wuQIHnLr30w
773,x8s2jJGCT8M
774,xKJjyn8DaAw
775,xZk8qwG0AM8
776,xZpyjp5IVo0
777,xs7M3wmoGUc
778,y3CtaMFMxjc
779,yE8oCPmKX0I
780,ySTr4TO3IiU
781,yhVLhoN5_vE
782,yxnbvS2t_QA
783,z2oM0ct9kuc
784,z2yqmHClVO8
785,zKCr6uDlq1o
786,zMv5QI-5bjo
787,zkqH74k1fjY
