Compiler,Compiler
Floating point,Floating-point arithmetic
Quantum mechanics,Quantum mechanics
Suffix tree,Suffix tree
Boundary value problem,Boundary value problem
Least squares,Least squares
Recommender system,Recommender system
Packet switching,Packet switching
Random variable,Random variable
Expert system,Expert system
Machine translation,Machine translation
Digital signature,Digital signature
Graphics processing unit,Graphics processing unit
P versus NP problem,P versus NP problem
Round-off error,Round-off error
Finite element method,Finite element method
Complexity,Complexity
Sparse matrix,Sparse matrix
Database design,Database design
Continuous function,Continuous function
Neural network,Neural network
First-order logic,First-order logic
Genetic algorithm,Genetic algorithm
Geometry,Geometry
Randomization,Randomization
Matrix (mathematics),Matrix (mathematics)
Mathematical induction,Mathematical induction
Polymorphism (computer science),Polymorphism (computer science)
System call,System call
Introduction to Algorithms,Introduction to Algorithms
Virtual memory,Virtual memory
B-tree,B-tree
Graphical user interface,Graphical user interface
Natural language,Natural language
Shared memory,Shared memory
Computer programming,Computer programming
MATLAB,MATLAB
Game theory,Game theory
Automated theorem proving,Automated theorem proving
HTML,HTML
Programming style,Programming style
Data structure,Data structure
Computer graphics,Computer graphics
Visualization (computer graphics),Visualization (graphics)
Fixed point (mathematics),Fixed point (mathematics)
Profiling (computer programming),Profiling (computer programming)
Communications protocol,Communication protocol
Image,Image
Pushdown automaton,Pushdown automaton
Congestion control,Network congestion
String (computer science),String (computer science)
Wavelet,Wavelet
Computer network,Computer network
Inequality (mathematics),Inequality (mathematics)
Scalability,Scalability
Volume rendering,Volume rendering
Linear programming,Linear programming
Telecommunications network,Telecommunications network
Formal verification,Formal verification
Programming language,Programming language
Poisson distribution,Poisson distribution
Nonlinear system,Nonlinear system
Feature extraction,Feature engineering
Kalman filter,Kalman filter
Communication,Communication
Query optimization,Query optimization
Imperative programming,Imperative programming
Cloud computing,Cloud computing
C++,C++
Data analysis,Data analysis
Queue (data structure),Queue (abstract data type)
Data (computing),Data (computer science)
User interface design,User interface design
Query language,Query language
Network security,Network security
Algorithm,Algorithm
Shortest path problem,Shortest path problem
Cryptography,Cryptography
Data mining,Data mining
Program analysis,Program analysis
Question answering,Question answering
Arithmetic logic unit,Arithmetic logic unit
Inheritance (object-oriented programming),Inheritance (object-oriented programming)
Combinatorics,Combinatorics
Statistics,Statistics
Inter-process communication,Inter-process communication
Lexical semantics,Lexical semantics
Firewall (computing),Firewall (computing)
Uncertainty,Uncertainty
Embedded system,Embedded system
Traffic analysis,Traffic analysis
Vulnerability (computing),Vulnerability (computing)
Hash table,Hash table
Knowledge representation and reasoning,Knowledge representation and reasoning
Algebra,Algebra
Recursively enumerable set,Computably enumerable set
Semidefinite programming,Semidefinite programming
Bayesian network,Bayesian network
Software testing,Software testing
Graph (mathematics),Graph (discrete mathematics)
Microprocessor,Microprocessor
Computer animation,Computer animation
Problem solving,Problem solving
Dynamic programming,Dynamic programming
Computer vision,Computer vision
List of undecidable problems,List of undecidable problems
Cluster analysis,Cluster analysis
Finite-state machine,Finite-state machine
Parallel computing,Parallel computing
Signal processing,Signal processing
Deadlock,Deadlock
Symmetric multiprocessing,Symmetric multiprocessing
Halting problem,Halting problem
Speech recognition,Speech recognition
Support vector machine,Support vector machine
Web browser,Web browser
Model checking,Model checking
Computational complexity theory,Computational complexity theory
Automata theory,Automata theory
Symbol table,Symbol table
JavaScript,JavaScript
Geometric modeling,Geometric modeling
Software development,Software development
Stack (data structure),Stack (abstract data type)
Robot,Robot
Arithmetic,Arithmetic
User interface,User interface
Superscalar,Superscalar processor
Document classification,Document classification
Motion planning,Motion planning
Formal language,Formal language
Control flow,Control flow
Finite difference,Finite difference
Large deviations theory,Large deviations theory
Vector processor,Vector processor
Transaction processing,Transaction processing
Instruction set,Instruction set architecture
Encryption,Encryption
Propositional calculus,Propositional calculus
Formal methods,Formal methods
Quantum cryptography,Quantum cryptography
Part-of-speech tagging,Part-of-speech tagging
Concurrency control,Concurrency control
Time complexity,Time complexity
Expected value,Expected value
Computational learning theory,Computational learning theory
Performance tuning,Performance tuning
Asymptotic analysis,Asymptotic analysis
Machine learning,Machine learning
Iterative method,Iterative method
Reinforcement learning,Reinforcement learning
Coding theory,Coding theory
Computer security,Computer security
Inference,Inference
Logic,Logic
File system,File system
Abstraction (computer science),Abstraction (computer science)
Procedural programming,Procedural programming
Memory management,Memory management
Information assurance,Information assurance
Multi-core processor,Multi-core processor
Randomized algorithm,Randomized algorithm
Application programming interface,API
Dynamic memory allocation,Memory management
Hidden Markov model,Hidden Markov model
Sufficient statistic,Sufficient statistic
Motion capture,Motion capture
Automated planning and scheduling,Automated planning and scheduling
Python (programming language),Python (programming language)
CPU cache,CPU cache
System programming,Systems programming
String searching algorithm,String-searching algorithm
Theoretical computer science,Theoretical computer science
Design pattern (computer science),Software design pattern
Image analysis,Image analysis
Probability,Probability
Correlation and dependence,Correlation
Compiler optimization,Optimizing compiler
Foundations of mathematics,Foundations of mathematics
Central processing unit,Central processing unit
Distributed algorithms,Distributed algorithm
Fourier analysis,Fourier analysis
Statistical inference,Statistical inference
Reason,Reason
Functional programming,Functional programming
Data warehouse,Data warehouse
Memory hierarchy,Memory hierarchy
Finite set,Finite set
Relational database management system,Relational database
Eigenvalues and eigenvectors,Eigenvalues and eigenvectors
Data,Data
ML (programming language),ML (programming language)
Flow network,Flow network
Computer science,Computer science
Relational model,Relational model
Algorithm design,Algorithm
Software design,Software design
Linear algebra,Linear algebra
Concurrency (computer science),Concurrency (computer science)
Perl,Perl
Operating system,Operating system
Analysis of algorithms,Analysis of algorithms
Computer software,Software
Divide and conquer algorithm,Divide-and-conquer algorithm
Context-free grammar,Context-free grammar
Spanning tree,Spanning tree
Random graph,Random graph
Type system,Type system
PSPACE,PSPACE
Lock (computer science),Lock (computer science)
Gradient descent,Gradient descent
3D computer graphics,3D computer graphics
Database normalization,Database normalization
Graphics,Graphics
Atomicity (database systems),Atomicity (database systems)
Quantum computer,Quantum computing
Approximation algorithm,Approximation algorithm
Debugging,Debugging
Calculus,Calculus
SQL,SQL
Ordinary differential equation,Ordinary differential equation
Higher-order function,Higher-order function
Probability theory,Probability theory
Database,Database
Estimation theory,Estimation theory
Personal computer,Personal computer
Markov chain,Markov chain
Human-computer interaction,Humanâ€“computer interaction
Parsing,Parsing
Fast Fourier transform,Fast Fourier transform
Linear system,Linear system
Design of experiments,Design of experiments
Pipeline (computing),Pipeline (computing)
Economics,Economics
Mobile device,Mobile device
Graph theory,Graph theory
Cryptographic hash function,Cryptographic hash function
Pattern matching,Pattern matching
Recursion,Recursion
World Wide Web,World Wide Web
Interface (computing),Interface (computing)
Web server,Web server
Interaction design,Interaction design
Web service,Web service
Conditional probability,Conditional probability
Generic programming,Generic programming
Mutual exclusion,Mutual exclusion
Denotational semantics,Denotational semantics
Calculus of variations,Calculus of variations
MapReduce,MapReduce
Logic programming,Logic programming
OSI model,OSI model
Web search engine,Search engine
PageRank,PageRank
Hidden line removal,Hidden-line removal
Thread (computer science),Thread (computing)
Scripting language,Scripting language
Computer multitasking,Computer multitasking
Mathematical model,Mathematical model
Mathematical proof,Mathematical proof
Interactivity,Interactivity
Computer,Computer
Stochastic process,Stochastic process
Robotics,Robotics
Martingale (probability theory),Martingale (probability theory)
Newton's method,Newton's method
Ray tracing (graphics),Ray tracing (graphics)
Bayesian probability,Bayesian probability
Statistical hypothesis testing,Statistical hypothesis testing
Bioinformatics,Bioinformatics
C (programming language),C (programming language)
Randomness,Randomness
Theory of computation,Theory of computation
Automatic programming,Automatic programming
3D modeling,3D modeling
Prediction,Prediction
Regular language,Regular language
Input/output,Input/output
Tensor,Tensor
Complexity class,Complexity class
Mathematical optimization,Mathematical optimization
Garbage collection (computer science),Garbage collection (computer science)
Linked list,Linked list
Computational chemistry,Computational chemistry
Lisp (programming language),Lisp (programming language)
Authentication,Authentication
Object-oriented programming,Object-oriented programming
Server (computing),Server (computing)
Microcode,Microcode
Program optimization,Program optimization
Computability,Computability
Integral,Integral
Modular programming,Modular programming
Parametric polymorphism,Parametric polymorphism
Computational science,Computational science
Computing,Computing
Recurrence relation,Recurrence relation
Lexical analysis,Lexical analysis
Routing,Routing
Unix,Unix
Programming paradigm,Programming paradigm
Relational algebra,Relational algebra
Social network,Social network
Abstract data type,Abstract data type
Mechanical engineering,Mechanical engineering
Public-key cryptography,Public-key cryptography
Variable (computer science),Variable (computer science)
Information security,Information security
Java (programming language),Java (programming language)
Integer,Integer
Relational database,Relational database
Software framework,Software framework
Kinematics,Kinematics
Mathematics,Mathematics
Amortized analysis,Amortized analysis
Very long instruction word,Very long instruction word
Graph coloring,Graph coloring
Scientific visualization,Scientific visualization
Malware,Malware
Predicate logic,First-order logic
Structured programming,Structured programming
NP (complexity),NP (complexity)
Haskell (programming language),Haskell
Peer-to-peer,Peer-to-peer
Artificial intelligence,Artificial intelligence
Stochastic,Stochastic
Natural language processing,Natural language processing
Database management system,Database
Approximation,Approximation
Recursion (computer science),Recursion (computer science)
Object (computer science),Object (computer science)
Graphical model,Graphical model
NP-complete,NP-completeness
Entropy,Entropy
Interpolation,Interpolation
Processor register,Processor register
Application software,Application software
Concurrent computing,Concurrent computing
Autonomous robot,Autonomous robot
Database system,Database
Exponential family,Exponential family
Combinational logic,Combinational logic
Index (database),Database index
Syntax,Syntax
Computational geometry,Computational geometry
Formal grammar,Formal grammar
Lazy evaluation,Lazy evaluation
Monte Carlo method,Monte Carlo method
Partial differential equation,Partial differential equation
Model of computation,Model of computation
Data type,Data type
Parallel algorithm,Parallel algorithm
Internet Protocol Suite,Internet protocol suite
Decision theory,Decision theory
Internet,Internet
Undecidable problem,Undecidable problem
Sentiment analysis,Sentiment analysis
Unsupervised learning,Unsupervised learning
Monad (functional programming),Monad (functional programming)
Prolog,Prolog
Scientific modelling,Scientific modelling
Kernel (computing),Kernel (operating system)
Turing machine,Turing machine
Scheduling (computing),Scheduling (computing)
Distributed computing,Distributed computing
Wireless sensor network,Wireless sensor network
Programmer,Programmer
Semantics,Semantics
Modular arithmetic,Modular arithmetic
Virtual reality,Virtual reality
"Best, worst and average case","Best, worst and average case"
Cryptanalysis,Cryptanalysis
Synchronization,Synchronization
Context-free language,Context-free language
Numerical analysis,Numerical analysis
Run time (program lifecycle phase),Execution (computing)
Computer architecture,Computer architecture
Computational problem,Computational problem
Big data,Big data
Software engineering,Software engineering
Information theory,Information theory
Multiplication,Multiplication
Discrete mathematics,Discrete mathematics
Sequence alignment,Sequence alignment
Regular expression,Regular expression
Semantics of programming languages,Semantics (computer science)
Message Passing Interface,Message Passing Interface
Markov process,Markov chain
Scope (computer science),Scope (computer science)
Differential equation,Differential equation
Polynomial,Polynomial
Image processing,Digital image processing
Pattern recognition,Pattern recognition
Random walk,Random walk
Cache coherence,Cache coherence
Computation,Computation
Message passing,Message passing
High-level programming language,High-level programming language
Computer simulation,Computer simulation
Security,Security
Assembly language,Assembly language
Rendering (computer graphics),Rendering (computer graphics)
Digital electronics,Digital electronics
Array data structure,Array (data structure)
Number theory,Number theory
Shading,Shading
Database transaction,Database transaction
